anno,industria_io,E,N,S
2012,111CA,46646,53,8364
2012,113FF,5893,65,389
2012,211,10868,2616,149235
2012,212,11870,435,10443
2012,213,20059,1269,2914
2012,22,61957,5475,60117
2012,23,32604,2786,1255
2012,311FT,18568,5960,3680
2012,313TT,1273,638,207
2012,315AL,438,599,53
2012,321,2164,166,390
2012,322,8354,1904,727
2012,323,2670,1409,196
2012,324,9327,8666,7496
2012,325,23306,69173,3765
2012,326,6776,2936,607
2012,327,3403,3491,722
2012,331,8734,2851,1142
2012,332,13394,4432,1354
2012,333,11366,12136,1779
2012,334,22479,74822,5291
2012,335,3028,4441,496
2012,3361MV,20616,17834,3864
2012,3364OT,5811,13272,1335
2012,337,1215,715,121
2012,339,5480,7292,857
2012,42,41821,21228,7646
2012,441,6182,1199,2107
2012,445,7721,1396,2023
2012,452,7792,3578,4397
2012,481,11965,992,889
2012,482,5280,760,8960
2012,483,4012,269,101
2012,484,21178,545,338
2012,485,2324,294,120
2012,486,3085,477,14282
2012,487OS,6143,1152,1653
2012,493,1428,384,305
2012,4A0,29903,9908,9317
2012,511,5817,50181,1052
2012,512,1874,27354,635
2012,513,74935,42947,15958
2012,514,14185,22224,1852
2012,521CI,73696,20221,5606
2012,523,5712,10111,1549
2012,524,8652,24290,1708
2012,525,197,808,129
2012,532RL,76242,995,622
2012,5411,3362,2133,341
2012,5412OP,26164,61363,4973
2012,5415,8078,17235,838
2012,55,9425,24888,3560
2012,561,16586,17653,1967
2012,562,4027,317,517
2012,61,9458,10195,14224
2012,621,29001,4513,5952
2012,622,44994,8720,24338
2012,623,2874,669,3195
2012,624,2084,583,1914
2012,711AS,3430,8020,3643
2012,713,5125,541,5535
2012,721,4670,1028,9148
2012,722,13689,801,3799
2012,81,15201,7551,6321
2012,ORE,13352,2733,23136
2013,111CA,54328,57,9097
2013,113FF,5760,73,342
2013,211,13975,3083,147400
2013,212,8183,396,10271
2013,213,15958,1058,7391
2013,22,60822,5744,55978
2013,23,37698,3107,1107
2013,311FT,18796,6524,4724
2013,313TT,1269,671,370
2013,315AL,561,687,63
2013,321,3062,227,696
2013,322,7191,2014,888
2013,323,2268,1353,241
2013,324,18395,10562,6859
2013,325,23533,74465,3932
2013,326,7547,3184,1290
2013,327,3635,3724,920
2013,331,8083,3037,1503
2013,332,12616,4611,2127
2013,333,11769,12884,2265
2013,334,21568,75795,6892
2013,335,3007,4682,520
2013,3361MV,23397,19341,3383
2013,3364OT,6208,16213,1602
2013,337,1132,731,206
2013,339,5634,7608,825
2013,42,37487,20090,7532
2013,441,4651,1067,3235
2013,445,6985,1593,2470
2013,452,8181,3780,5354
2013,481,16101,1232,791
2013,482,6103,746,8865
2013,483,4390,531,196
2013,484,20124,596,471
2013,485,4200,399,199
2013,486,6719,882,14610
2013,487OS,4193,780,1293
2013,493,1434,408,1234
2013,4A0,29809,10140,9524
2013,511,6425,57673,1266
2013,512,1629,31019,779
2013,513,79020,39761,17598
2013,514,20010,30546,3545
2013,521CI,82612,19435,4555
2013,523,6167,11461,1433
2013,524,10149,27069,2122
2013,525,63,305,21
2013,532RL,72947,1489,619
2013,5411,3451,2304,606
2013,5412OP,26899,59826,4516
2013,5415,8953,18236,1028
2013,55,9422,22419,2483
2013,561,18673,19391,2113
2013,562,4713,336,670
2013,61,8830,10014,13193
2013,621,30396,4667,6678
2013,622,47422,9287,22351
2013,623,3584,812,3005
2013,624,2065,612,3256
2013,711AS,4467,8074,3292
2013,713,5814,709,6013
2013,721,4837,1105,11202
2013,722,16449,1358,4601
2013,81,14622,8541,6693
2013,ORE,18189,4046,23821
2014,111CA,57856,68,12388
2014,113FF,6966,108,732
2014,211,10906,2981,178697
2014,212,7809,405,9278
2014,213,18855,1152,6598
2014,22,62088,6723,71314
2014,23,38537,3038,1816
2014,311FT,20049,6784,5770
2014,313TT,1484,686,377
2014,315AL,375,635,56
2014,321,3769,269,628
2014,322,9124,2226,1389
2014,323,2558,1415,290
2014,324,10848,9005,7268
2014,325,27027,81853,7030
2014,326,9059,3273,1596
2014,327,4859,3774,1203
2014,331,6991,3003,1221
2014,332,12737,4578,1884
2014,333,10843,12600,2154
2014,334,19550,80318,5032
2014,335,3179,4722,611
2014,3361MV,25147,21279,2855
2014,3364OT,6389,16108,1612
2014,337,1108,723,261
2014,339,6185,7689,971
2014,42,46005,25195,11025
2014,441,5802,1359,2130
2014,445,7582,1987,3680
2014,452,7695,3740,5783
2014,481,19375,1427,605
2014,482,9032,1062,9896
2014,483,5187,1278,429
2014,484,26339,927,590
2014,485,2801,231,54
2014,486,11329,1153,17537
2014,487OS,7986,1520,1296
2014,493,2908,861,1509
2014,4A0,34869,12153,13232
2014,511,8916,62603,1796
2014,512,1570,30910,585
2014,513,84859,44773,15715
2014,514,22323,36452,7505
2014,521CI,92134,21907,6648
2014,523,6272,12632,1749
2014,524,10582,26346,3287
2014,525,62,346,33
2014,532RL,80979,2315,862
2014,5411,2683,1906,683
2014,5412OP,25519,57927,4712
2014,5415,6443,19100,763
2014,55,9251,20872,2730
2014,561,19341,20856,2365
2014,562,5250,351,687
2014,61,8648,10102,14399
2014,621,29410,4845,6265
2014,622,45916,9402,21470
2014,623,3684,942,4007
2014,624,2389,761,2005
2014,711AS,5614,8840,4258
2014,713,6348,907,8479
2014,721,5549,1326,12131
2014,722,14973,1596,4726
2014,81,18102,10721,7147
2014,ORE,17924,4348,29314
2015,111CA,41148,50,8969
2015,113FF,6498,117,713
2015,211,9030,3322,125533
2015,212,6697,462,11039
2015,213,11129,859,6029
2015,22,63945,7643,82696
2015,23,43102,3452,1567
2015,311FT,22028,7228,5958
2015,313TT,1314,673,315
2015,315AL,365,647,60
2015,321,3739,298,577
2015,322,8550,2304,1442
2015,323,2289,1368,291
2015,324,10752,8978,7740
2015,325,33954,88012,8328
2015,326,8848,3306,1258
2015,327,5433,3828,1463
2015,331,6528,3011,996
2015,332,12070,4522,1689
2015,333,9761,12400,2095
2015,334,21238,79150,3975
2015,335,3446,4805,653
2015,3361MV,23680,21846,3470
2015,3364OT,6443,17487,1973
2015,337,1447,818,241
2015,339,7264,8024,995
2015,42,42297,24420,16509
2015,441,5516,1418,2731
2015,445,8088,2407,4034
2015,452,10613,4980,6012
2015,481,20272,1528,759
2015,482,10867,1332,11193
2015,483,5965,1944,291
2015,484,26474,938,750
2015,485,4787,280,109
2015,486,7378,729,15252
2015,487OS,11293,2097,1688
2015,493,1963,622,1383
2015,4A0,34029,12292,14597
2015,511,7276,57372,2547
2015,512,1873,33665,1312
2015,513,90434,47039,18369
2015,514,23699,40790,10486
2015,521CI,101267,27546,6642
2015,523,6538,13965,2766
2015,524,12137,28524,5699
2015,525,84,524,7
2015,532RL,90649,3315,1401
2015,5411,3118,2180,690
2015,5412OP,25792,60799,9807
2015,5415,6677,23653,801
2015,55,9127,19159,3175
2015,561,19844,20920,3406
2015,562,5015,327,1258
2015,61,9922,11131,16684
2015,621,30645,5412,6904
2015,622,48799,10353,23832
2015,623,3377,1022,3583
2015,624,2188,720,2591
2015,711AS,4506,9047,4851
2015,713,6968,1098,6997
2015,721,5789,1420,17705
2015,722,14352,1807,5249
2015,81,19838,12343,9081
2015,ORE,19847,5041,36901
2016,111CA,31912,49,8829
2016,113FF,8242,205,693
2016,211,2694,3177,66613
2016,212,4194,480,6432
2016,213,4386,551,5159
2016,22,64760,8892,91927
2016,23,42074,3436,2412
2016,311FT,23184,7971,6751
2016,313TT,1293,697,202
2016,315AL,371,692,47
2016,321,3723,332,754
2016,322,8531,2490,974
2016,323,2600,1544,287
2016,324,13027,9578,5447
2016,325,34261,90403,7557
2016,326,10289,3581,2106
2016,327,6394,4041,1515
2016,331,7303,3230,1137
2016,332,12517,4768,2128
2016,333,8882,12805,1895
2016,334,15681,81711,2612
2016,335,2604,4846,594
2016,3361MV,18418,24502,2663
2016,3364OT,6127,19521,2155
2016,337,1539,886,268
2016,339,7386,8426,1025
2016,42,43464,27672,18604
2016,441,6094,1666,3597
2016,445,7998,2854,5382
2016,452,9086,4824,6351
2016,481,19365,1641,1967
2016,482,8507,1165,9329
2016,483,4999,2461,152
2016,484,23115,1153,1529
2016,485,4740,260,805
2016,486,10455,889,11589
2016,487OS,7465,1637,1508
2016,493,2290,836,1656
2016,4A0,34070,13425,19298
2016,511,7062,58362,2492
2016,512,1853,34481,1004
2016,513,95671,52745,18863
2016,514,29534,53712,12010
2016,521CI,100262,32637,9262
2016,523,6603,16499,3838
2016,524,12770,31227,4180
2016,525,111,822,39
2016,532RL,82406,4110,1322
2016,5411,2809,2077,908
2016,5412OP,25361,61977,10095
2016,5415,5787,26234,1637
2016,55,9693,20081,4961
2016,561,20996,23253,4761
2016,562,5695,373,1593
2016,61,8418,10466,18661
2016,621,30246,5909,6815
2016,622,51465,11427,25153
2016,623,3594,1191,3627
2016,624,2073,755,2369
2016,711AS,5360,10001,5711
2016,713,8374,1517,12785
2016,721,5111,1415,17292
2016,722,12842,1980,6533
2016,81,19726,13647,11938
2016,ORE,23356,6658,42584
