anno,industria,x,x_oss
2012,111CA,465.4393215,404.166
2012,113FF,52.17175624,46.892
2012,211,402.2936652,362.616
2012,212,129.9234834,124.611
2012,213,51.10250091,126.19
2012,22,474.2249434,461.578
2012,23,1393.104922,1075.477
2012,321,101.9197455,80.398
2012,327,113.4221926,99.294
2012,331,282.5270204,269.218
2012,332,372.5614567,343.079
2012,333,394.9188076,404.552
2012,334,293.8394941,354.253
2012,335,127.955648,122.794
2012,3361MV,502.5658164,516.699
2012,3364OT,282.8319705,290.815
2012,337,66.19120979,65.729
2012,339,144.3343746,156.592
2012,311FT,944.5163234,895.874
2012,313TT,55.38952482,51.802
2012,315AL,18.34896082,19.244
2012,322,185.8243703,179.235
2012,323,79.29523568,83.081
2012,324,996.2635417,833.174
2012,325,827.2376778,794.029
2012,326,229.2134797,216.486
2012,42,1654.313111,1655.028
2012,441,217.0715445,221.875
2012,445,207.6917657,207.679
2012,452,210.8092222,210.838
2012,4A0,774.4916533,763.319
2012,481,189.4961857,195.415
2012,482,84.50807596,79.141
2012,483,50.83430022,50.023
2012,484,310.8430844,297.774
2012,485,50.46966465,50.992
2012,486,42.360962,36.442
2012,487OS,186.5706876,187.233
2012,493,108.4357659,108.888
2012,511,248.5855029,296.233
2012,512,99.50728518,131.699
2012,513,681.9267809,733.128
2012,514,191.3374111,221.543
2012,521CI,762.1509208,761.619
2012,523,476.4784148,478.47
2012,524,808.8087992,798.591
2012,525,117.0432823,117.259
2012,HS,1726.663,1726.663
2012,ORE,1054.990622,889.093
2012,532RL,297.0198919,298.617
2012,5411,333.3200495,306.935
2012,5415,231.1456646,354.223
2012,5412OP,893.223554,1123.861
2012,55,467.297116,478.846
2012,561,648.1342639,661.562
2012,562,85.42268606,83.564
2012,61,302.4660111,309.61
2012,621,867.290993,869.254
2012,622,706.1806727,709.379
2012,623,208.5501827,208.979
2012,624,169.3675762,169.679
2012,711AS,141.1588927,144.767
2012,713,119.5810766,119.836
2012,721,213.8632434,214.978
2012,722,611.8517762,613.983
2012,81,575.4529428,576.029
2012,GFGD,670.8841916,676.303
2012,GFGN,366.8827557,370.378
2012,GFE,98.30204112,98.913
2012,GSLG,1943.139991,1947.062
2012,GSLE,305.9993276,298.57
2013,111CA,315.2822081,420.0646127
2013,113FF,38.83494556,48.1981787
2013,211,230.6951063,391.494883
2013,212,107.3378262,118.9735655
2013,213,26.67571095,125.8668437
2013,22,471.6663692,466.0971225
2013,23,2140.874749,1128.512488
2013,321,100.4482131,83.89403777
2013,327,112.7882142,102.9350132
2013,331,160.8734631,278.3293753
2013,332,274.4489878,348.5399126
2013,333,198.5454212,391.446297
2013,334,274.6168277,355.2192175
2013,335,110.280858,123.7550645
2013,3361MV,285.9190176,550.3998909
2013,3364OT,196.4708045,299.0793759
2013,337,55.22073464,66.59806607
2013,339,120.2586455,165.9540944
2013,311FT,786.8498083,913.0265358
2013,313TT,35.58492047,53.18469398
2013,315AL,0.9741889954,18.89724949
2013,322,144.7347717,179.9165585
2013,323,68.18643137,82.72247182
2013,324,784.236156,863.2053806
2013,325,638.393948,823.2479886
2013,326,169.8275102,219.7654445
2013,42,1440.53071,1721.203425
2013,441,244.8925327,245.1925543
2013,445,210.8847051,207.6042028
2013,452,221.5650764,215.2028244
2013,4A0,872.7307239,799.0861312
2013,481,197.8120976,202.4961396
2013,482,67.20866007,80.11151624
2013,483,49.48981886,50.56052114
2013,484,265.8397063,304.5854531
2013,485,54.93452585,54.63903366
2013,486,27.97594438,36.73040608
2013,487OS,177.616219,190.8201192
2013,493,107.0227788,111.7750646
2013,511,226.1103912,310.9524895
2013,512,93.71277011,136.619994
2013,513,707.6174208,749.7202742
2013,514,201.3324268,240.2347354
2013,521CI,779.4695949,777.0406913
2013,523,474.8626746,474.2308528
2013,524,857.5353368,827.3564829
2013,525,138.5447947,135.5303097
2013,HS,1793.314497,1743.029863
2013,ORE,1355.626996,960.4627846
2013,532RL,308.3929911,315.3567273
2013,5411,341.47006,297.716879
2013,5415,251.2808666,369.3379096
2013,5412OP,881.3566766,1131.560509
2013,55,434.7920961,488.6777069
2013,561,662.8445141,681.2134559
2013,562,88.62177713,85.47727804
2013,61,312.2576576,312.3842837
2013,621,884.857785,865.5747508
2013,622,732.266467,718.0263465
2013,623,216.3287934,211.6676564
2013,624,175.1373969,171.2084374
2013,711AS,142.150803,148.7714629
2013,713,125.7116016,122.9797275
2013,721,226.011857,221.7037595
2013,722,638.7678261,625.6137757
2013,81,581.1077164,574.6962508
2013,GFGD,627.4868919,633.1510606
2013,GFGN,357.0609292,360.5372605
2013,GFE,89.80789318,93.45068235
2013,GSLG,1966.33063,1962.204783
2013,GSLE,314.4361189,302.5492615
2014,111CA,476.3424973,426.9591743
2014,113FF,53.59079779,53.00329593
2014,211,390.7229571,426.7537306
2014,212,102.2563886,122.4624409
2014,213,23.60944173,159.7072121
2014,22,494.8010714,472.1610722
2014,23,619.5179479,1191.792556
2014,321,67.05981179,84.86816984
2014,327,86.27117631,107.0695856
2014,331,238.5612548,278.4018351
2014,332,303.9715276,355.5833421
2014,333,277.1816397,398.1527264
2014,334,305.2973991,354.7213471
2014,335,101.3952431,127.3907201
2014,3361MV,528.3863438,587.2035562
2014,3364OT,279.3371821,311.5349482
2014,337,53.89558292,67.44260484
2014,339,151.6048054,160.4764343
2014,311FT,1012.039324,910.5577956
2014,313TT,52.2944025,53.96859719
2014,315AL,8.989294937,18.15784282
2014,322,179.9438288,178.583728
2014,323,80.18537752,81.53338845
2014,324,887.877893,834.613092
2014,325,820.5062721,810.5917251
2014,326,214.3497348,224.507892
2014,42,1751.413089,1802.327272
2014,441,292.7339348,271.6411199
2014,445,236.8183224,209.9680384
2014,452,243.9124947,219.1929247
2014,4A0,870.1612968,827.1238123
2014,481,217.2847364,210.6764134
2014,482,82.58555443,84.81309337
2014,483,55.04439315,52.98547068
2014,484,318.0264076,326.4871626
2014,485,64.47870722,60.86070485
2014,486,41.34967963,39.1053764
2014,487OS,201.8851011,200.4218243
2014,493,115.2494247,112.3573748
2014,511,316.9702864,327.2902762
2014,512,125.9849292,138.2572914
2014,513,806.9000807,792.944715
2014,514,243.7969179,260.4244569
2014,521CI,832.9907746,794.9007774
2014,523,500.1772736,466.0142255
2014,524,927.0913356,884.5774773
2014,525,154.8797962,137.51382
2014,HS,1959.605956,1738.811048
2014,ORE,930.7180023,1008.8257
2014,532RL,330.8696424,334.1377749
2014,5411,290.9919378,295.0836616
2014,5415,332.8281685,399.2951331
2014,5412OP,1020.06263,1185.159305
2014,55,512.6238857,519.4258455
2014,561,726.4976923,737.2642375
2014,562,91.95132665,90.3897978
2014,61,343.7909851,315.283236
2014,621,1007.615792,892.2740288
2014,622,811.5156353,719.8774351
2014,623,244.425956,216.2839925
2014,624,201.0064676,177.6651074
2014,711AS,165.0031636,156.8679416
2014,713,141.2173079,125.8390589
2014,721,254.1827828,233.392097
2014,722,717.4125896,650.1047981
2014,81,657.5733928,602.0764871
2014,GFGD,607.8511131,611.1507441
2014,GFGN,359.1226317,361.275454
2014,GFE,93.94909495,91.01968091
2014,GSLG,2002.332279,1974.686571
2014,GSLE,321.4464322,302.0676769
2015,111CA,440.6378022,436.0488367
2015,113FF,48.96239773,51.65745506
2015,211,373.7510234,385.4277226
2015,212,104.969651,116.0829032
2015,213,101.294364,130.5363462
2015,22,479.4066295,467.807517
2015,23,1098.617881,1295.417935
2015,321,75.62369914,90.20827436
2015,327,96.08331961,109.2318949
2015,331,209.5854053,263.6489986
2015,332,291.4515265,347.9478634
2015,333,235.2162508,365.7140668
2015,334,362.530085,357.9108663
2015,335,98.96999712,127.9215545
2015,3361MV,426.7010059,612.0777708
2015,3364OT,256.8462148,312.476085
2015,337,63.13677686,71.61670546
2015,339,138.3215597,162.2099672
2015,311FT,976.3199559,942.6697447
2015,313TT,45.41490426,51.98721063
2015,315AL,2.13813955,17.53919044
2015,322,169.2816023,177.498468
2015,323,77.45045899,80.75759637
2015,324,906.3166335,816.58304
2015,325,753.5810888,798.7331198
2015,326,208.94786,229.5009016
2015,42,1782.971756,1834.793204
2015,441,332.983711,309.3517
2015,445,228.9746333,211.0073652
2015,452,245.180289,226.8170894
2015,4A0,918.0393938,869.7926879
2015,481,224.3323496,221.8366338
2015,482,76.49910571,81.24824659
2015,483,51.50647551,50.44854095
2015,484,315.6902802,332.248169
2015,485,66.04110733,63.65092971
2015,486,41.64165261,41.175425
2015,487OS,208.1772517,209.4803452
2015,493,113.7955828,111.8821372
2015,511,330.98675,331.2869921
2015,512,111.3503716,145.2152306
2015,513,846.5080259,835.6001965
2015,514,269.8053341,287.7877374
2015,521CI,819.9011675,796.9871293
2015,523,480.4548055,457.0513089
2015,524,943.132916,923.2496697
2015,525,162.3563994,149.5228717
2015,HS,1890.229334,1738.697539
2015,ORE,989.331302,1080.250361
2015,532RL,329.4541982,330.8324745
2015,5411,286.4008822,297.423745
2015,5415,402.9831532,414.3131013
2015,5412OP,1051.804619,1215.558175
2015,55,529.7464736,536.8542537
2015,561,758.5523152,772.1057593
2015,562,92.46770239,92.13327874
2015,61,338.2045826,319.0729495
2015,621,1023.427325,940.9201437
2015,622,818.2916684,753.697788
2015,623,240.6429119,221.2311618
2015,624,200.4073793,184.1032362
2015,711AS,165.9472542,162.5597135
2015,713,140.5107779,129.7115215
2015,721,255.8804637,241.8098771
2015,722,731.3828968,684.9764838
2015,81,651.6864299,613.60812
2015,GFGD,593.8344149,596.7820889
2015,GFGN,369.8329338,371.7633928
2015,GFE,93.4726652,91.98470896
2015,GSLG,2048.468866,2029.242764
2015,GSLE,324.9383758,313.484584
2016,111CA,483.8583856,461.5977536
2016,113FF,47.56205804,48.12054667
2016,211,384.0845975,363.1658128
2016,212,106.2705391,107.0434337
2016,213,90.74958548,71.53234164
2016,22,464.7834501,460.0327092
2016,23,1230.492714,1377.64628
2016,321,82.42125577,92.85185132
2016,327,104.1579813,111.8139082
2016,331,250.5525069,249.8897303
2016,332,310.8453648,340.2000873
2016,333,225.998699,340.6332211
2016,334,395.5027239,365.1531145
2016,335,102.272595,124.9476687
2016,3361MV,462.0059765,607.1532051
2016,3364OT,259.991121,288.3043838
2016,337,53.29210407,72.17826789
2016,339,129.0802501,153.12297
2016,311FT,998.2859705,966.2365365
2016,313TT,46.61103148,51.00643607
2016,315AL,10.59582956,17.73403157
2016,322,176.484,174.597221
2016,323,89.6641671,84.21199313
2016,324,962.6567757,854.8533907
2016,325,778.9019786,802.0148884
2016,326,220.1669018,229.3779193
2016,42,1896.084114,1842.878735
2016,441,352.3005221,355.9027205
2016,445,217.9195768,210.1535874
2016,452,233.6903168,226.5747737
2016,4A0,913.2284558,907.8122411
2016,481,227.70898,228.822564
2016,482,73.69737346,75.60502952
2016,483,50.78656959,50.07962994
2016,484,323.3536411,334.3699988
2016,485,64.37103592,63.4733522
2016,486,43.46604352,40.38676408
2016,487OS,216.7075392,214.9900956
2016,493,119.0819446,117.0890189
2016,511,964.5515994,363.3677901
2016,512,112.4704938,146.9240731
2016,513,933.7673237,882.6035539
2016,514,341.3413506,321.0355843
2016,521CI,817.4442575,803.9760459
2016,523,452.4168041,441.6527574
2016,524,926.1554849,927.9252361
2016,525,140.0461768,135.0549824
2016,HS,1813.286881,1748.037831
2016,ORE,1040.828544,1129.464425
2016,532RL,339.492492,337.8197812
2016,5411,285.2663771,296.4068177
2016,5415,449.1410486,452.6479139
2016,5412OP,1022.433275,1249.919785
2016,55,541.2158984,535.9275138
2016,561,823.8290811,819.5221816
2016,562,97.05341264,98.08074578
2016,61,327.1708915,322.9982993
2016,621,1024.362407,987.2936635
2016,622,798.9719644,771.4130264
2016,623,232.2668031,223.7906487
2016,624,199.8144832,192.454026
2016,711AS,163.2734606,166.2427471
2016,713,138.6837645,133.9401647
2016,721,252.2637261,246.4954318
2016,722,719.78946,701.2796302
2016,81,648.9899812,630.9903739
2016,GFGD,590.7324451,594.8714443
2016,GFGN,375.2704346,377.678832
2016,GFE,96.10554824,94.17157242
2016,GSLG,2078.07757,2075.765401
2016,GSLE,326.7174604,322.4295374
