caso,h,S,alfa_coperto,r_produzione,r_consumo,r_investimento_tipo,r_stock_tipo,r_importazioni,r_scorte,origine
P0,1,1.123574145,1,1.023439016,1.091891407,0.7405414004,2.215213171,1.189023211,1.197885204,2008
P1|E6|agg+ind|T1,1,1.813110177,1,1.388032764,1.222609654,1.44915638,4.827026853,2.191914703,2.955755097,2008
P1|E6|agg+ind|T2,1,1.273972238,1,1.084289089,1.232377679,0.8076698099,1.585966217,2.281718277,2.895114194,2008
P1|E6|agg+ind|T3,1,1.845901845,1,1.395849711,1.237082752,1.486895594,4.946478478,2.196873553,3.083029229,2008
P1|E6|agg|T1,1,1.785675544,1,1.335970244,1.177585528,1.477257742,4.898794603,2.40982038,2.515735692,2008
P1|E6|agg|T2,1,1.2576483,1,1.058597107,1.234789847,0.8076698099,1.585966217,2.21655004,2.773482556,2008
P1|E6|agg|T3,1,1.835383324,1,1.353239808,1.276102952,1.477257742,4.898794603,2.306625989,2.918363753,2008
P1|E6|ind|T1,1,2.163229353,1,1.155814936,1.177668718,2.4444324,7.034223768,2.258999265,3.158508726,2008
P1|E6|ind|T2,1,1.533761263,1,1.115003688,1.281580864,1.332303507,2.599238534,2.377904205,3.39012264,2008
P1|E6|ind|T3,1,2.177581998,1,1.155814936,1.177668718,2.4444324,7.034223768,2.258999265,3.445561629,2008
P1|E6|nessuna|T1,1,3.11037186,1,1.446673403,1.150821448,4.219734904,12.49005124,1.460111204,3.303314811,2008
P1|E6|nessuna|T2,1,2.282049436,1,1.476617922,1.666585174,2.568197005,6.64884801,2.127764555,1.083521541,2008
P1|E6|nessuna|T3,1,3.108794716,1,1.446673403,1.150821448,4.219734904,12.49005124,1.460111204,3.271771932,2008
P1|largo|agg+ind|T1,1,1.810518825,1,1.387394332,1.221095584,1.445202361,4.814511648,2.19133246,2.958271803,2008
P1|largo|agg+ind|T2,1,1.29309942,1,1.096328811,1.269620483,0.8076698099,1.585966217,2.240941826,3.022739136,2008
P1|largo|agg+ind|T3,1,1.837457273,1,1.395813046,1.23697499,1.486895594,4.946478478,2.197040248,2.914837662,2008
P1|largo|agg|T1,1,1.801454494,1,1.350141822,1.246268191,1.477257742,4.898794603,2.400333166,2.343676457,2008
P1|largo|agg|T2,1,1.256387248,1,1.050718093,1.266765603,0.8076698099,1.585966217,2.144554349,2.675676764,2008
P1|largo|agg|T3,1,1.80044989,1,1.354911113,1.276056514,1.477257742,4.898794603,2.317166366,2.199405494,2008
P1|largo|ind|T1,1,2.167676986,1,1.15738126,1.170266336,2.444356426,7.035013174,2.248654626,3.291547466,2008
P1|largo|ind|T2,1,1.558872341,1,1.133325889,1.322358648,1.325318231,2.631135701,2.362411649,3.517383623,2008
P1|largo|ind|T3,1,2.202360692,1,1.15738126,1.170266336,2.444356426,7.035013174,2.248654626,3.985221579,2008
P1|largo|nessuna|T1,1,3.01794275,1,1.497317507,1.227253919,3.935104209,11.68517892,1.710416317,3.190235445,2008
P1|largo|nessuna|T2,1,2.287212537,1,1.502952996,1.887277631,2.479639274,5.963996972,2.322464821,1.233851115,2008
P1|largo|nessuna|T3,1,3.02514016,1,1.497317507,1.227253919,3.935104209,11.68517892,1.710416317,3.334183648,2008
P1|stretto|agg+ind|T1,1,1.724128679,1,1.294800981,1.285356587,1.382899919,4.61731284,1.997263483,2.238139344,2008
P1|stretto|agg+ind|T2,1,1.251054071,1,1.080079692,1.127272873,0.8076698099,1.585966217,2.190466084,3.183888267,2008
P1|stretto|agg+ind|T3,1,1.764842338,1,1.309227797,1.273906074,1.486895594,4.946478478,1.922431276,2.035072921,2008
P1|stretto|agg|T1,1,1.684706807,1,1.307462004,1.106534459,1.21109863,4.642464852,2.602908021,2.477925106,2008
P1|stretto|agg|T2,1,1.22155557,1,1.030601351,1.146516817,0.8076698099,1.585966217,2.135960168,2.829830561,2008
P1|stretto|agg|T3,1,1.749013191,1,1.301571944,1.10598248,1.477257742,4.898794603,2.416744439,2.411572671,2008
P1|stretto|ind|T1,1,2.139015421,1,1.13250599,1.019858681,2.514676009,7.1011481,2.234490789,3.370629373,2008
P1|stretto|ind|T2,1,1.619166984,1,1.155439607,1.323345403,1.501120863,2.805385599,2.290292117,3.605082848,2008
P1|stretto|ind|T3,1,2.142063614,1,1.13250599,1.019858681,2.514676009,7.1011481,2.234490789,3.431593218,2008
P1|stretto|nessuna|T1,1,3.01916892,1,1.475250819,1.057331788,3.958336715,12.26979296,1.459833394,3.355116587,2008
P1|stretto|nessuna|T2,1,2.180914502,1,1.405871364,1.202049363,2.672315054,6.534221896,1.88509229,2.327969382,2008
P1|stretto|nessuna|T3,1,3.01916892,1,1.475250819,1.057331788,3.958336715,12.26979296,1.459833394,3.355116587,2008
P1|tetto100|agg+ind|T1,1,1.835098713,1,1.345129098,1.252510233,1.471746715,4.898529463,2.195825894,3.236266586,2008
P1|tetto100|agg+ind|T2,1,1.199610637,1,1.013791958,1.142706775,0.8076698099,1.585966217,1.992149317,2.658459362,2008
P1|tetto100|agg+ind|T3,1,1.839957995,1,1.350960106,1.251476485,1.486895594,4.946478478,2.194067727,3.149933308,2008
P1|tetto100|agg|T1,1,1.765000198,1,1.274839209,1.193986482,1.477257742,4.898794603,2.462193742,2.318235901,2008
P1|tetto100|agg|T2,1,1.164924344,1,0.9796732653,1.104543297,0.8076698099,1.585966217,1.611435147,2.779140683,2008
P1|tetto100|agg|T3,1,1.779041459,1,1.286331431,1.174486422,1.477257742,4.898794603,2.411171636,2.698130253,2008
P1|tetto100|ind|T1,1,2.136281544,1,1.067653748,1.090878567,2.487152999,7.098416956,2.269824374,3.359166713,2008
P1|tetto100|ind|T2,1,1.441933938,1,1.024861783,1.10772487,1.277745811,2.400797681,2.266354768,3.864225477,2008
P1|tetto100|ind|T3,1,2.117132789,1,1.067653748,1.090878567,2.487152999,7.098416955,2.269824374,2.976191619,2008
P1|tetto100|nessuna|T1,1,2.970578095,1,1.379264399,1.101889674,4.010785966,11.79992788,1.34350881,3.538129023,2008
P1|tetto100|nessuna|T2,1,2.122200173,1,1.346915204,1.104174038,2.850897249,6.058302936,1.658880174,2.558392957,2008
P1|tetto100|nessuna|T3,1,2.967816477,1,1.379264399,1.101889674,4.010785966,11.79992788,1.34350881,3.48289668,2008
P1|tetto110|agg+ind|T1,1,1.819908681,1,1.387616686,1.228771414,1.471080115,4.896419549,2.19704061,2.825644859,2008
P1|tetto110|agg+ind|T2,1,1.248254635,1,1.061265564,1.180718437,0.8076698099,1.585966217,2.176720022,2.933856991,2008
P1|tetto110|agg+ind|T3,1,1.835865311,1,1.389595,1.22726766,1.486895594,4.946478478,2.19863554,2.9769554,2008
P1|tetto110|agg|T1,1,1.776645064,1,1.317258479,1.148537002,1.477257742,4.898794603,2.436856863,2.594651351,2008
P1|tetto110|agg|T2,1,1.218681665,1,1.030601351,1.146516817,0.8076698099,1.585966217,2.135960168,2.772352461,2008
P1|tetto110|agg|T3,1,1.789912889,1,1.335572775,1.216822749,1.477257742,4.898794603,2.333651345,2.443613127,2008
P1|tetto110|ind|T1,1,2.14652711,1,1.133679602,1.143093513,2.461096269,7.057701074,2.25949081,3.050625481,2008
P1|tetto110|ind|T2,1,1.493838899,1,1.097934748,1.180297187,1.315689299,2.545887805,2.345960389,3.506893185,2008
P1|tetto110|ind|T3,1,2.160891494,1,1.133679602,1.143093513,2.461096269,7.057701074,2.25949081,3.337913147,2008
P1|tetto110|nessuna|T1,1,3.020925193,1,1.431328123,1.082159694,4.129807389,12.05658644,1.42618209,3.278992441,2008
P1|tetto110|nessuna|T2,1,2.209844117,1,1.405746726,1.200949663,2.740225714,6.797041514,1.886826121,2.114892001,2008
P1|tetto110|nessuna|T3,1,3.019332818,1,1.431328123,1.082159694,4.129807389,12.05658643,1.42618209,3.247144939,2008
P2|inv1.0|m0.0|S0.0|T1,1,1.827839678,1,1.270960856,1.250189531,1.636233533,5.572152949,1.319656078,2.420995128,2008
P2|inv1.0|m0.0|S0.0|T3,1,1.818503365,1,1.274154803,1.252737527,1.636233533,5.572152949,1.30891107,2.21056222,2008
P2|inv1.0|m1.0|S1.0|T1,1,1.775689046,1,1.283576544,1.261911841,1.636233533,5.572152949,1.336058417,1.21555216,2008
P2|inv1.0|m1.0|S1.0|T3,1,1.77750486,1,1.287732278,1.26380882,1.636233533,5.572152949,1.336058424,1.21555216,2008
P2|lx0.5|li0.1|T1,1,1.688941241,1,0.9365033345,1.086934202,1.467877215,6.030142506,1.306454548,2.399951185,2008
P2|lx0.5|li0.1|T3,1,1.718425913,1,0.992167688,1.085224541,1.617037485,6.049502242,1.354367464,1.982642993,2008
P2|lx0.5|li0.5|T1,1,1.815331381,1,1.255050308,1.246281901,1.717750115,5.668051206,1.306655602,1.784875898,2008
P2|lx0.5|li0.5|T3,1,1.800173861,1,1.259192931,1.249008266,1.717750115,5.668051206,1.302818836,1.444348338,2008
P2|lx2.0|li0.1|T1,1,1.852854076,1,1.014396106,1.143414372,1.712042481,6.43316002,1.469133478,2.92659522,2008
P2|lx2.0|li0.1|T3,1,1.825361394,1,1.015010135,1.143518266,1.710658834,6.431810925,1.470592806,2.379207484,2008
P2|lx2.0|li0.5|T1,1,1.912094713,1,1.314397112,1.340189155,1.717750115,5.668051206,1.431056219,2.676217565,2008
P2|lx2.0|li0.5|T3,1,1.864950176,1,1.314671902,1.334271637,1.717750115,5.668051206,1.42410693,1.77413248,2008
P2|uniformi|li0.5|T1,1,2.368167037,1,1.451206055,2.666443734,1.717750115,5.668051206,1.835843853,2.614495268,2008
P3|q25,1,1.770149989,1,1.310626925,1.169244811,1.477257742,4.898794603,2.131169947,2.685979243,2008
P3|q75,1,1.835894445,1,1.399998313,1.242310724,1.477257742,4.898794603,2.591148031,2.566266471,2008
condizionata|P1|E6|agg|T1,1,0.8721431857,1,0.4468691806,0.4845435461,0.8995443683,2.04052137,1.726710972,2.448456168,2008
persistenza,1,1,1,1,1,1,1,1,1,2008
trend_mobile,1,1.496206156,1,1.117108911,1.279407526,1.162781392,4.163063752,1.264804643,1.30296679,2008
ultimo_tasso,1,1.157787766,1,0.9048360735,1.337798348,0.8086558823,2.215213171,0.9410706058,1.093828315,2008
P0,1,1.373664217,1,1.219356958,0.9310691565,1.930228026,1.862538918,1.500328028,1.62440969,2009
P1|E6|agg+ind|T1,1,3.500354632,1,1.666183748,2.443989931,4.173147513,11.66758712,1.971075902,3.347210356,2009
P1|E6|agg+ind|T2,1,2.07450852,1,1.55275725,2.433182421,1.42224606,2.164404297,2.260861987,5.295877558,2009
P1|E6|agg+ind|T3,1,3.257311789,1,1.738129164,2.536542959,3.265668668,10.02149364,2.157799485,4.234741616,2009
P1|E6|agg|T1,1,3.774071745,1,1.6068014,2.337940096,5.006143752,13.3389083,1.927915261,3.182679058,2009
P1|E6|agg|T2,1,1.899157965,1,1.479742879,2.306345283,1.400927777,2.139804267,1.861103683,3.522207003,2009
P1|E6|agg|T3,1,3.244276024,1,1.832945653,2.523580192,3.406558812,9.698575342,2.090209927,3.632769554,2009
P1|E6|ind|T1,1,4.365651058,1,1.740276512,1.656391855,6.899720581,16.83966116,2.269351493,3.385454826,2009
P1|E6|ind|T2,1,3.383155912,1,2.110944971,1.06476632,5.393988324,10.77266551,2.140925326,3.346640836,2009
P1|E6|ind|T3,1,4.356251516,1,1.73449605,1.661888044,6.868298981,16.8135312,2.246502714,3.399964727,2009
P1|E6|nessuna|T1,1,5.410012084,1,2.188189429,2.242354441,8.420718003,21.10577634,1.777348814,3.945204953,2009
P1|E6|nessuna|T2,1,3.228885993,1,2.02042028,1.036806563,5.227921244,9.85780039,2.085976452,3.521096586,2009
P1|E6|nessuna|T3,1,5.410012084,1,2.188189429,2.242354441,8.420718003,21.10577634,1.777348814,3.945204953,2009
P1|largo|agg+ind|T1,1,3.54297813,1,1.664605186,2.443463503,4.173847464,11.67980307,1.970208662,4.185945819,2009
P1|largo|agg+ind|T2,1,2.033092787,1,1.553233224,2.434763669,1.413804012,2.154662676,2.266462586,4.502870393,2009
P1|largo|agg+ind|T3,1,3.230747598,1,1.736287906,2.535875555,3.267475343,10.03647279,2.157266936,3.681857298,2009
P1|largo|agg|T1,1,3.706728683,1,1.594147422,2.322418215,4.928337661,13.24740212,1.855381061,2.571643906,2009
P1|largo|agg|T2,1,1.921611378,1,1.479855228,2.302167612,1.421979745,2.164096985,1.845758289,3.878219285,2009
P1|largo|agg|T3,1,3.222342591,1,1.843225177,2.528730117,3.416440147,9.709977814,2.132725373,2.99667846,2009
P1|largo|ind|T1,1,4.400936718,1,1.768626848,1.715983387,6.915420833,16.86029698,2.2801005,3.44869517,2009
P1|largo|ind|T2,1,3.402836918,1,2.149979673,1.08125468,5.349282817,10.83279748,2.209567254,3.397038756,2009
P1|largo|ind|T3,1,4.383473818,1,1.762663522,1.71688295,6.862287131,16.81625499,2.245386066,3.465152961,2009
P1|largo|nessuna|T1,1,5.409806563,1,2.188196806,2.242632784,8.420228389,21.10375841,1.777365733,3.945357626,2009
P1|largo|nessuna|T2,1,3.273642255,1,2.036718191,1.089444948,5.264013943,9.967209429,2.278737144,3.446654496,2009
P1|largo|nessuna|T3,1,5.409806563,1,2.188196806,2.242632784,8.420228389,21.10375841,1.777365733,3.945357626,2009
P1|stretto|agg+ind|T1,1,3.514757093,1,1.547662058,1.87440284,4.669787007,12.83307257,1.877390189,3.540069115,2009
P1|stretto|agg+ind|T2,1,1.939390025,1,1.479955274,1.904710396,1.588145811,2.355842738,2.216714128,5.198823637,2009
P1|stretto|agg+ind|T3,1,3.071764419,1,1.618041022,1.99931199,3.319731659,10.32899163,2.12828106,3.665979364,2009
P1|stretto|agg|T1,1,3.639923249,1,1.504375165,1.808727498,5.090129802,13.49550465,1.902453014,3.665867479,2009
P1|stretto|agg|T2,1,1.892352374,1,1.417851014,1.815857363,1.773442755,2.569664385,1.974851494,4.23684593,2009
P1|stretto|agg|T3,1,3.191555519,1,1.767516508,1.977401059,3.795083274,10.14690945,1.989248826,3.898204153,2009
P1|stretto|ind|T1,1,4.413066012,1,1.721293832,1.666344905,7.080131917,17.15106498,2.235438964,3.077391219,2009
P1|stretto|ind|T2,1,3.345254314,1,2.109997974,0.9691668559,5.244334963,11.07402711,1.853568929,3.451134291,2009
P1|stretto|ind|T3,1,4.382603837,1,1.718564892,1.709305527,6.904822706,16.90044489,2.389571535,3.275102087,2009
P1|stretto|nessuna|T1,1,5.249003041,1,2.138446246,1.80682692,8.45486822,20.87241975,1.89950437,3.844605082,2009
P1|stretto|nessuna|T2,1,3.222103894,1,2.024720248,0.9841726155,5.377017605,9.691683527,1.909263393,3.588019824,2009
P1|stretto|nessuna|T3,1,5.252221585,1,2.138446246,1.80682692,8.45486822,20.87241975,1.89950437,3.908975951,2009
P1|tetto100|agg+ind|T1,1,3.659454613,1,1.742221683,2.834788332,4.072750325,11.52594583,2.023709301,4.360429922,2009
P1|tetto100|agg+ind|T2,1,2.171525838,1,1.625592502,2.824762839,1.400819345,2.139679143,2.26743581,4.578313247,2009
P1|tetto100|agg+ind|T3,1,3.404878836,1,1.807033196,2.903769851,3.253000073,10.00131913,2.15923613,4.658883761,2009
P1|tetto100|agg|T1,1,3.917268383,1,1.656306579,2.692195804,5.061064217,13.36311217,1.955939755,3.327932387,2009
P1|tetto100|agg|T2,1,2.039677716,1,1.551201146,2.698910893,1.389910207,2.127090647,1.840772827,3.638287142,2009
P1|tetto100|agg|T3,1,3.348454046,1,1.888790597,2.883702284,3.396676815,9.687172105,2.068688798,3.304383364,2009
P1|tetto100|ind|T1,1,4.440368437,1,1.769026944,1.917403069,6.888546813,16.82050216,2.271524101,3.222072995,2009
P1|tetto100|ind|T2,1,3.392852989,1,2.141579622,1.320970725,5.156335451,10.54822514,2.107322396,3.252643208,2009
P1|tetto100|ind|T3,1,4.417738203,1,1.751141945,1.935014738,6.81983418,16.73748536,2.187146019,3.296370518,2009
P1|tetto100|nessuna|T1,1,5.455635489,1,2.257122749,2.541052959,8.32019695,20.62899057,1.833429339,3.951457263,2009
P1|tetto100|nessuna|T2,1,3.284684036,1,2.063243803,1.35752297,5.096460156,9.70337801,1.729796649,3.646686792,2009
P1|tetto100|nessuna|T3,1,5.455635489,1,2.257122749,2.541052959,8.32019695,20.62899057,1.833429339,3.951457263,2009
P1|tetto110|agg+ind|T1,1,3.499063044,1,1.669880455,2.447182486,4.161804355,11.6314902,1.980993912,3.387691488,2009
P1|tetto110|agg+ind|T2,1,2.008421109,1,1.554410908,2.437176847,1.403180798,2.14240412,2.277922553,4.043441653,2009
P1|tetto110|agg+ind|T3,1,3.257319451,1,1.738889661,2.536654529,3.267153505,10.01765134,2.157489318,4.231717848,2009
P1|tetto110|agg|T1,1,3.793971501,1,1.59249342,2.330336146,5.037177175,13.3746962,1.921447458,3.522904066,2009
P1|tetto110|agg|T2,1,1.902505912,1,1.479280242,2.307780379,1.394074196,2.131895642,1.866716433,3.62095001,2009
P1|tetto110|agg|T3,1,3.285435848,1,1.827563872,2.523560472,3.396448799,9.686908988,2.078257338,4.564100381,2009
P1|tetto110|ind|T1,1,4.328028305,1,1.710033053,1.599122205,6.874772739,16.81324543,2.258460851,3.32159189,2009
P1|tetto110|ind|T2,1,3.257813773,1,2.061928173,0.9869351508,5.289398061,10.17582774,2.059003267,3.294844517,2009
P1|tetto110|ind|T3,1,4.310671638,1,1.698576098,1.611621069,6.807214089,16.77372388,2.240056864,3.335888793,2009
P1|tetto110|nessuna|T1,1,5.337227272,1,2.185503389,2.176524753,8.331358741,20.73243677,1.807173002,3.974895071,2009
P1|tetto110|nessuna|T2,1,3.198583803,1,2.004089124,0.9797225198,5.260546817,9.798886707,1.926126648,3.502718875,2009
P1|tetto110|nessuna|T3,1,5.31102855,1,2.185503389,2.176524753,8.331358741,20.73243677,1.807173002,3.450920619,2009
P2|inv1.0|m0.0|S0.0|T1,1,2.993311668,1,1.682194747,1.961014713,2.992428064,9.959212212,1.222079348,4.896760577,2009
P2|inv1.0|m0.0|S0.0|T3,1,3.002625309,1,1.681690544,1.937886003,2.992505291,9.959672419,1.259946166,5.185734733,2009
P2|inv1.0|m1.0|S1.0|T1,1,2.810722411,1,1.649478721,1.965226593,2.988362767,9.934986651,1.451328202,1.251463765,2009
P2|inv1.0|m1.0|S1.0|T3,1,2.810669501,1,1.6460194,1.968635271,2.988315378,9.934704253,1.451328202,1.251463765,2009
P2|lx0.5|li0.1|T1,1,3.96382783,1,1.406380976,1.59148272,6.211318934,16.31122138,1.594090812,2.227565107,2009
P2|lx0.5|li0.1|T3,1,3.878451281,1,1.392413913,1.635033851,5.767215238,15.41191783,1.556466624,3.955175782,2009
P2|lx0.5|li0.5|T1,1,2.82135534,1,1.777614982,2.240556646,2.235554536,9.048227721,1.57653854,3.702864898,2009
P2|lx0.5|li0.5|T3,1,2.823231124,1,1.777460275,2.24363985,2.235552634,9.048216392,1.578360118,3.721018295,2009
P2|lx2.0|li0.1|T1,1,3.949694333,1,1.244128778,1.77794359,6.03820965,16.08310761,1.674044109,2.868354513,2009
P2|lx2.0|li0.1|T3,1,3.714139469,1,1.245374154,1.796280785,5.406180428,14.93646018,1.445219869,3.089997803,2009
P2|lx2.0|li0.5|T1,1,2.682117846,1,1.575643011,2.21581628,2.207441802,9.024783475,1.322391427,2.691875593,2009
P2|lx2.0|li0.5|T3,1,2.715758626,1,1.577435067,2.20537722,2.207353673,9.024455782,1.375117116,3.364855432,2009
P2|uniformi|li0.5|T1,1,5.22742219,1,2.662834708,9.290484888,2.271742587,9.263876396,1.772697043,3.44110604,2009
P3|q25,1,3.838476942,1,1.623163102,2.300583805,5.164809992,13.80238213,1.892356285,3.070696895,2009
P3|q75,1,3.68901612,1,1.659631655,2.261908334,4.815989299,12.6739834,2.115411731,3.523746729,2009
condizionata|P1|E6|agg|T1,1,1.270892531,1,0.9168668319,0.5651860258,1.299716861,3.399512742,1.724968396,2.802672151,2009
persistenza,1,1,1,1,1,1,1,1,1,2009
trend_mobile,1,1.455275407,1,0.9635279842,0.6435053292,1.277887525,6.125644864,1.097218098,1.003250324,2009
ultimo_tasso,1,1.792778367,1,1.985351314,1.520182368,1.760512261,1.862538918,1.789654359,2.265584015,2009
P0,1,0.863947991,1,0.9274276553,0.9394906941,0.8467123016,0.4095035344,0.9250398795,0.9465535694,2010
P1|E6|agg+ind|T1,1,1.925899667,1,1.47243946,0.9854991333,2.483814943,3.507753544,1.621165716,5.198429202,2010
P1|E6|agg+ind|T2,1,1.406678376,1,1.336992517,1.331927173,0.8712417844,0.4897086734,2.938864972,4.71679992,2010
P1|E6|agg+ind|T3,1,1.75674853,1,1.403590727,0.9186400515,1.915309431,3.259123091,1.549517183,5.472584841,2010
P1|E6|agg|T1,1,2.048491715,1,1.526294433,0.991877784,2.706632054,4.15632113,2.039818485,4.681812045,2010
P1|E6|agg|T2,1,1.449192481,1,1.429929293,1.472219252,0.9032786885,0.4150970637,2.353535937,4.774113534,2010
P1|E6|agg|T3,1,2.048491715,1,1.526294433,0.991877784,2.706632054,4.15632113,2.039818485,4.681812045,2010
P1|E6|ind|T1,1,2.129729175,1,1.49425595,1.012018529,2.822566261,5.359512211,1.201488543,4.346158622,2010
P1|E6|ind|T2,1,1.434086931,1,1.311398229,1.131834121,1.056670097,0.6016482304,3.211042648,5.381325034,2010
P1|E6|ind|T3,1,2.135660784,1,1.485218202,1.035361401,2.836984545,5.41441426,1.46356271,3.949408642,2010
P1|E6|nessuna|T1,1,3.60163366,1,1.930323273,1.258669186,6.466972529,9.840271569,2.559431033,4.79085417,2010
P1|E6|nessuna|T2,1,3.581629757,1,1.925276151,1.401869835,6.322692633,9.769169593,2.581697456,4.258912051,2010
P1|E6|nessuna|T3,1,3.431332341,1,1.932540255,1.247526654,6.09187139,9.314734553,2.64079629,3.908494421,2010
P1|largo|agg+ind|T1,1,1.859715224,1,1.420886144,0.8917114328,2.485909584,3.513850546,1.652785129,4.69459446,2010
P1|largo|agg+ind|T2,1,1.412312582,1,1.357981544,1.379352623,0.87300192,0.4901633155,2.530045553,4.819866771,2010
P1|largo|agg+ind|T3,1,1.739379212,1,1.389028474,0.9187642315,1.957474047,3.27730789,1.286614584,5.269701459,2010
P1|largo|agg|T1,1,2.094618035,1,1.524462476,0.9907565307,2.706100744,4.154774613,2.060417869,5.606676585,2010
P1|largo|agg|T2,1,1.625767257,1,1.497270295,1.669168451,1.215750787,0.6688615909,2.559267879,4.756718456,2010
P1|largo|agg|T3,1,2.045996855,1,1.524462476,0.9907565307,2.706100744,4.154774613,2.060417869,4.63425299,2010
P1|largo|ind|T1,1,2.129567198,1,1.494319634,1.012034058,2.822227694,5.359010723,1.200495938,4.345793654,2010
P1|largo|ind|T2,1,1.419916115,1,1.310901333,1.233582152,1.144122503,0.6319151923,2.228187538,5.062913447,2010
P1|largo|ind|T3,1,2.132733626,1,1.486213034,1.036182699,2.815119535,5.404122792,1.454521287,3.997053108,2010
P1|largo|nessuna|T1,1,3.420359486,1,2.011605825,1.277883694,5.972630201,9.077713617,2.496416453,4.127888111,2010
P1|largo|nessuna|T2,1,3.64428065,1,1.98924677,1.547651038,6.200151581,9.666589516,2.224906874,5.305533933,2010
P1|largo|nessuna|T3,1,3.436511215,1,2.011605825,1.277883694,5.972630201,9.077713618,2.496416453,4.450922694,2010
P1|stretto|agg+ind|T1,1,1.852282662,1,1.41203947,0.9003970666,2.485106309,3.511512404,1.472806492,4.734777482,2010
P1|stretto|agg+ind|T2,1,1.271958236,1,1.227827613,1.080634869,0.8464128016,0.4626302226,2.507706849,4.769771326,2010
P1|stretto|agg+ind|T3,1,1.8447908,1,1.425493576,1.025154024,2.326150237,3.438095177,1.287226232,4.723912859,2010
P1|stretto|agg|T1,1,2.030236256,1,1.514071001,0.9639611477,2.707838693,4.15983337,1.936144572,4.649366136,2010
P1|stretto|agg|T2,1,1.298763325,1,1.305554501,1.271829509,0.6163161057,0.3283120499,2.387148165,5.001925751,2010
P1|stretto|agg|T3,1,2.031567035,1,1.514071001,0.9639611477,2.707838693,4.15983337,1.936144572,4.675981724,2010
P1|stretto|ind|T1,1,2.109962495,1,1.477109043,0.9745302783,2.755587521,5.304966218,1.285930561,4.571200884,2010
P1|stretto|ind|T2,1,1.289844394,1,1.186480744,1.017553184,1.06073881,0.6035542139,2.977664629,4.144956001,2010
P1|stretto|ind|T3,1,2.053429941,1,1.408916148,0.9078228197,2.653665861,5.315379831,1.555744306,4.366997611,2010
P1|stretto|nessuna|T1,1,3.669895307,1,1.832527904,1.097030746,6.72722029,10.30783249,2.621052501,5.674955591,2010
P1|stretto|nessuna|T2,1,3.539336216,1,1.816261531,1.085802721,6.354821772,10.22871264,2.493146498,5.00447993,2010
P1|stretto|nessuna|T3,1,3.627116675,1,1.832527904,1.097030746,6.72722029,10.30783249,2.621052501,4.819382957,2010
P1|tetto100|agg+ind|T1,1,1.892429889,1,1.434859482,0.891554299,2.487001816,3.517029772,1.63685523,5.271193066,2010
P1|tetto100|agg+ind|T2,1,1.176398702,1,1.212951364,0.859652852,0.7610375638,0.4300415648,1.214074372,5.974040994,2010
P1|tetto100|agg+ind|T3,1,1.729165035,1,1.397249175,0.8918279726,1.908167145,3.246090363,1.535760972,5.188227546,2010
P1|tetto100|agg|T1,1,2.02353472,1,1.381680688,0.8931381258,2.716368839,4.184662594,2.001925991,5.585054979,2010
P1|tetto100|agg|T2,1,1.131727077,1,1.331217931,0.8808132953,0.588176617,0.3210436341,2.17462026,4.192940176,2010
P1|tetto100|agg|T3,1,2.05412839,1,1.455317292,0.89374147,2.710474141,4.167504532,1.921331776,5.889977825,2010
P1|tetto100|ind|T1,1,2.138128094,1,1.445326682,0.8961932126,2.779938269,5.32889293,1.647265072,5.288638502,2010
P1|tetto100|ind|T2,1,1.277630662,1,1.027826156,0.8595039219,1.321286278,0.7274732777,1.931600539,5.556940559,2010
P1|tetto100|ind|T3,1,2.181348582,1,1.399310506,0.8981493247,2.962381781,5.476166041,1.705805618,5.334547838,2010
P1|tetto100|nessuna|T1,1,3.707509344,1,1.881033186,0.8936792905,7.291953939,10.58040531,1.87609997,5.297185687,2010
P1|tetto100|nessuna|T2,1,3.564108047,1,1.752497819,0.8986314443,6.727156352,10.40593757,2.271975073,5.382909756,2010
P1|tetto100|nessuna|T3,1,3.814881107,1,1.792721841,0.897874455,7.545480625,10.76046528,2.542795464,5.908395834,2010
P1|tetto110|agg+ind|T1,1,1.891625851,1,1.458303642,0.9620359337,2.484225842,3.508949572,1.557545159,4.798131904,2010
P1|tetto110|agg+ind|T2,1,1.28276353,1,1.230500104,1.080689943,0.8540236907,0.4646171877,2.509889013,4.932912174,2010
P1|tetto110|agg+ind|T3,1,1.742723619,1,1.389819616,0.902677091,1.911058702,3.254506996,1.585215398,5.361027949,2010
P1|tetto110|agg|T1,1,2.048933883,1,1.548605168,1.017564392,2.707708803,4.159455292,1.944457036,4.487457479,2010
P1|tetto110|agg|T2,1,1.254586838,1,1.326324216,1.342140244,0.588176617,0.3210436341,1.554440143,4.531716118,2010
P1|tetto110|agg|T3,1,2.060632821,1,1.548605168,1.017564392,2.707708803,4.159455292,1.944457036,4.721436223,2010
P1|tetto110|ind|T1,1,2.119588244,1,1.46150968,0.9662633217,2.777538372,5.330423974,1.368747225,4.685378201,2010
P1|tetto110|ind|T2,1,1.332873371,1,1.185658489,1.021737248,1.063702568,0.6050221611,2.951504063,4.996734331,2010
P1|tetto110|ind|T3,1,2.191119322,1,1.429758641,0.9672392015,2.894640449,5.440510182,1.526583794,5.454233432,2010
P1|tetto110|nessuna|T1,1,3.682088752,1,1.832527904,1.097030746,6.72722029,10.30783249,2.621052501,5.918824507,2010
P1|tetto110|nessuna|T2,1,3.578103585,1,1.816261531,1.085802721,6.354821772,10.22871264,2.493146498,5.779827309,2010
P1|tetto110|nessuna|T3,1,3.674931005,1,1.832527904,1.097030746,6.72722029,10.30783249,2.621052501,5.775669549,2010
P2|inv1.0|m0.0|S0.0|T1,1,1.770144341,1,1.214271932,0.9853848422,2.019885816,3.59171315,1.675215016,5.266761584,2010
P2|inv1.0|m0.0|S0.0|T3,1,1.760207033,1,1.21448903,0.985538881,2.019851086,3.591612058,1.687840991,5.053503738,2010
P2|inv1.0|m1.0|S1.0|T1,1,1.51658519,1,1.227298777,0.9881398921,2.019256953,3.589882679,0.7218011757,1.060477442,2010
P2|inv1.0|m1.0|S1.0|T3,1,1.5164446,1,1.229165699,0.9874563145,2.018247649,3.586944835,0.7218022152,1.060477442,2010
P2|lx0.5|li0.1|T1,1,2.085721232,1,1.284359383,1.018398953,2.707403484,5.11852832,1.585877172,5.24532687,2010
P2|lx0.5|li0.1|T3,1,2.058247198,1,1.293623788,1.008861608,2.682675503,5.05636453,1.657071097,4.849529423,2010
P2|lx0.5|li0.5|T1,1,1.804489651,1,1.296231196,0.9989703915,2.147016709,3.72523133,1.676915059,4.603138947,2010
P2|lx0.5|li0.5|T3,1,1.844528611,1,1.295484116,0.9989080168,2.146571414,3.72393518,1.617954065,5.472109343,2010
P2|lx2.0|li0.1|T1,1,2.118579966,1,1.084022001,0.9396749893,2.990038195,5.702566953,1.408816015,5.455314685,2010
P2|lx2.0|li0.1|T3,1,2.110529648,1,1.084022001,0.9396749893,2.990038195,5.702566953,1.408816015,5.294308318,2010
P2|lx2.0|li0.5|T1,1,1.78298474,1,1.166942881,0.9746831563,2.111628504,3.622224686,1.557364052,5.561611143,2010
P2|lx2.0|li0.5|T3,1,1.763126712,1,1.166965018,0.9741413521,2.111694508,3.622416807,1.715245128,5.009039248,2010
P2|uniformi|li0.5|T1,1,10.2267597,1,5.307843741,24.43161744,2.396857067,4.452457156,2.271966255,5.334118086,2010
P3|q25,1,2.152075315,1,1.612627974,1.031488299,2.7036317,4.147587812,2.358821954,5.708284278,2010
P3|q75,1,2.224278899,1,1.685683611,1.371046972,2.698847812,4.133663054,2.669727034,4.412750104,2010
condizionata|P1|E6|agg|T1,1,1.2919896,1,1.24480749,1.320339222,0.6056369201,0.3718664213,3.275465649,4.007165554,2010
persistenza,1,1,1,1,1,1,1,1,1,2010
trend_mobile,1,1.352782093,1,1.322022934,1.122472631,1.50478256,1.954327393,1.052278767,1.408604679,2010
ultimo_tasso,1,0.8763089027,1,0.9546863062,0.864810829,0.8135073472,0.4095035344,1.646855332,0.8893034529,2010
P0,1,0.742473944,1,0.7320779412,1.069614809,0.4785329309,0.4183250729,0.6327664609,0.655774047,2011
P1|E6|agg+ind|T1,1,1.468037983,1,1.215013146,1.297006896,1.461540122,1.492967556,2.286365044,3.170178772,2011
P1|E6|agg+ind|T2,1,1.706024689,1,1.482032893,2.391877476,0.8214527728,0.4617426374,2.611202351,4.056532843,2011
P1|E6|agg+ind|T3,1,1.279417728,1,1.057506594,1.050938504,1.171625167,1.414988104,1.57840909,3.842798013,2011
P1|E6|agg|T1,1,1.957819011,1,1.550552456,2.084191296,1.840463086,1.676462204,2.703689448,3.929451499,2011
P1|E6|agg|T2,1,1.641319098,1,1.592580712,2.209426981,0.74441522,0.2696012136,2.677794731,3.819677772,2011
P1|E6|agg|T3,1,1.587188049,1,1.396508282,1.57869464,1.274292904,1.503250032,2.492199959,3.296671806,2011
P1|E6|ind|T1,1,1.501424369,1,1.307273993,1.296366044,1.371385883,1.860581209,2.098199377,3.101741839,2011
P1|E6|ind|T2,1,1.646968479,1,1.394352409,2.068429645,1.129252292,0.6086257693,3.111884884,3.316531662,2011
P1|E6|ind|T3,1,1.332064782,1,1.056856111,0.9366545103,1.478890364,1.554386368,1.73852323,3.9173745,2011
P1|E6|nessuna|T1,1,2.995596502,1,1.802323211,2.963146425,4.087452803,4.351176469,2.866650677,3.400297387,2011
P1|E6|nessuna|T2,1,2.563773853,1,1.539617986,1.667493049,4.121714171,4.366947039,2.70103838,4.111021702,2011
P1|E6|nessuna|T3,1,2.673825138,1,1.629110597,1.793788552,4.403164697,4.584127716,2.830310649,3.327883006,2011
P1|largo|agg+ind|T1,1,1.571282234,1,1.259939225,1.35484254,1.784626739,1.592189575,2.151131997,3.262935993,2011
P1|largo|agg+ind|T2,1,1.507866104,1,1.340263937,1.886861978,0.8023801992,0.4582522116,2.989947656,3.678593704,2011
P1|largo|agg+ind|T3,1,1.261786496,1,1.042473619,1.06595239,1.170765694,1.415186778,1.698102402,3.373635125,2011
P1|largo|agg|T1,1,1.954225097,1,1.538918695,2.052421312,1.840463086,1.676462204,3.0373209,3.784364248,2011
P1|largo|agg|T2,1,1.550858771,1,1.54715225,1.895278326,0.74441522,0.2696012136,2.887174461,3.958554186,2011
P1|largo|agg|T3,1,1.790707935,1,1.486958108,1.760385218,1.840463086,1.676462204,2.630217431,2.985104562,2011
P1|largo|ind|T1,1,1.661428101,1,1.378118001,1.383608877,1.777926601,1.984926416,1.877941749,3.698699769,2011
P1|largo|ind|T2,1,1.540922308,1,1.302929423,1.678333989,1.156555386,0.6159268839,3.013094574,4.059695791,2011
P1|largo|ind|T3,1,1.305382039,1,1.055719125,0.9364658122,1.456023189,1.524678042,1.738771966,3.542310359,2011
P1|largo|nessuna|T1,1,2.954418082,1,1.912455437,2.645854225,3.995791493,4.34449103,3.523841127,3.542514506,2011
P1|largo|nessuna|T2,1,2.495453298,1,1.58692619,1.673539927,3.77040642,4.238461418,2.827582959,3.96013778,2011
P1|largo|nessuna|T3,1,2.548102641,1,1.592686173,1.649843811,4.034035643,4.298761971,2.909268316,3.86393808,2011
P1|stretto|agg+ind|T1,1,1.348705726,1,1.057960448,1.247717038,1.238390446,1.427223485,2.08869671,3.243344134,2011
P1|stretto|agg+ind|T2,1,1.530353705,1,1.25181467,2.158541539,0.7830251823,0.448980595,1.825505695,4.28936923,2011
P1|stretto|agg+ind|T3,1,1.276886725,1,1.048076754,1.057362758,1.168299663,1.414679651,2.024512426,3.378027049,2011
P1|stretto|agg|T1,1,1.873534913,1,1.31043585,2.131936456,1.840463086,1.676462204,1.919365483,4.182322182,2011
P1|stretto|agg|T2,1,1.349582973,1,1.295918653,1.746548379,0.4753003549,0.2351803254,2.09495868,4.270336521,2011
P1|stretto|agg|T3,1,1.528073359,1,1.231380973,1.526818469,1.223741294,1.429735831,2.062006425,4.195827269,2011
P1|stretto|ind|T1,1,1.528264425,1,1.215077155,1.240737972,1.470305679,1.953594106,2.4473862,3.594600608,2011
P1|stretto|ind|T2,1,1.641242073,1,1.293542711,2.086850957,1.135520105,0.6126461608,2.512995824,4.262110897,2011
P1|stretto|ind|T3,1,1.380088046,1,1.128400116,0.9965590146,1.481401078,1.556326342,2.004752087,3.808997049,2011
P1|stretto|nessuna|T1,1,3.041660836,1,1.533158173,2.394737243,5.326025456,4.870013188,2.46597955,3.755736473,2011
P1|stretto|nessuna|T2,1,2.413453423,1,1.311915933,1.398585349,4.220824178,4.57273465,2.553975006,3.423319754,2011
P1|stretto|nessuna|T3,1,2.364535034,1,1.316641384,1.416174176,3.905229359,4.464875221,2.468199367,3.874940078,2011
P1|tetto100|agg+ind|T1,1,1.334842423,1,1.331369536,0.9129196794,1.130741356,1.425644191,1.359472695,4.497386659,2011
P1|tetto100|agg+ind|T2,1,1.267406753,1,1.728635157,0.8542588383,0.6928866984,0.4167491266,0.775138742,5.4705873,2011
P1|tetto100|agg+ind|T3,1,1.3071229,1,1.308211187,0.9141427918,1.141855346,1.426626145,1.395598235,3.992062221,2011
P1|tetto100|agg|T1,1,1.688554815,1,1.864904407,0.8790932168,1.840463086,1.676462204,1.060262104,5.532071697,2011
P1|tetto100|agg|T2,1,1.203548564,1,1.740309628,0.8877088725,0.475300355,0.2351803255,1.503274764,4.428023439,2011
P1|tetto100|agg|T3,1,1.259321106,1,1.264867427,0.9230165935,0.9015314976,1.31810214,1.726386969,4.090400752,2011
P1|tetto100|ind|T1,1,1.294329303,1,1.060304928,0.9290804207,1.284700842,1.375986427,1.998146185,4.06135156,2011
P1|tetto100|ind|T2,1,1.265923475,1,1.541493018,0.8625725336,0.9201828156,0.554584865,0.9130502889,5.191124908,2011
P1|tetto100|ind|T3,1,1.315429339,1,1.064211508,0.9360248929,1.411745489,1.374477545,1.760478013,4.150753325,2011
P1|tetto100|nessuna|T1,1,3.988080727,1,3.280590982,0.8406058816,8.436952682,5.842202832,2.307467119,7.294749854,2011
P1|tetto100|nessuna|T2,1,2.041029945,1,1.077876728,0.9440245031,3.710771222,4.112842725,2.0428583,3.57756287,2011
P1|tetto100|nessuna|T3,1,2.034309206,1,1.078551552,0.9446341775,3.634151063,4.233591497,1.853977383,3.689305105,2011
P1|tetto110|agg+ind|T1,1,1.374572311,1,1.040325813,1.328448328,1.238237472,1.426899548,2.106336189,3.365716213,2011
P1|tetto110|agg+ind|T2,1,1.507018415,1,1.252138346,2.157837225,0.7827670239,0.4488760197,1.82578779,3.825906953,2011
P1|tetto110|agg+ind|T3,1,1.280175609,1,1.049719437,1.07153187,1.168870441,1.414704483,2.044711119,3.326402499,2011
P1|tetto110|agg|T1,1,1.873534913,1,1.31043585,2.131936456,1.840463086,1.676462204,1.919365483,4.182322182,2011
P1|tetto110|agg|T2,1,1.252648923,1,1.291310265,1.730010339,0.475300355,0.2351803255,2.120303634,2.43318913,2011
P1|tetto110|agg|T3,1,1.476693762,1,1.2321545,1.526460294,1.227593426,1.435337757,2.063283816,3.137853443,2011
P1|tetto110|ind|T1,1,1.511150191,1,1.214808829,1.234609199,1.46802419,1.952938544,2.44308044,3.30544137,2011
P1|tetto110|ind|T2,1,1.641242073,1,1.293542711,2.086850957,1.135520105,0.6126461608,2.512995824,4.262110897,2011
P1|tetto110|ind|T3,1,1.353504537,1,1.127599744,0.9965025373,1.473655749,1.549555679,1.987298439,3.344444252,2011
P1|tetto110|nessuna|T1,1,3.169138088,1,1.595626751,2.403877526,5.720885316,4.960538635,2.566161226,4.014956333,2011
P1|tetto110|nessuna|T2,1,2.444088732,1,1.333779578,1.447283078,4.214857778,4.570534336,2.560013147,3.634885772,2011
P1|tetto110|nessuna|T3,1,2.359127903,1,1.316641384,1.416174176,3.905229359,4.464875221,2.468199367,3.766797451,2011
P2|inv1.0|m0.0|S0.0|T1,1,1.247170004,1,0.8540627575,0.943940169,1.33410354,1.628060975,1.914948559,3.647897859,2011
P2|inv1.0|m0.0|S0.0|T3,1,1.248889525,1,0.8520226093,0.9440689451,1.334012041,1.627867219,1.965117694,3.644340874,2011
P2|inv1.0|m1.0|S1.0|T1,1,1.047017328,1,0.8302798028,0.9370585006,1.35486816,1.672031846,0.7625884899,0.8101919094,2011
P2|inv1.0|m1.0|S1.0|T3,1,1.046533484,1,0.8287484754,0.9369768831,1.354868258,1.672032054,0.76258849,0.8101919094,2011
P2|lx0.5|li0.1|T1,1,1.211805675,1,0.8330932346,0.9371467528,1.497706544,1.752470199,1.067232637,3.051674366,2011
P2|lx0.5|li0.1|T3,1,1.209946252,1,0.8365445452,0.9365796501,1.420828046,1.612035405,1.162158101,3.490638769,2011
P2|lx0.5|li0.5|T1,1,1.234170625,1,0.8534556953,0.9409804738,1.429783146,1.6309986,1.415006551,3.52065915,2011
P2|lx0.5|li0.5|T3,1,1.182114464,1,0.8740088204,0.938904543,1.427432251,1.626020377,1.040754628,2.76228471,2011
P2|lx2.0|li0.1|T1,1,1.329186129,1,0.652732661,0.9272390721,1.938431128,2.393389762,1.524989084,3.038399054,2011
P2|lx2.0|li0.1|T3,1,1.369578703,1,0.6527276131,0.9280495549,1.938388007,2.393327053,1.721935074,3.644769839,2011
P2|lx2.0|li0.5|T1,1,1.242100576,1,0.7917749627,0.9523404853,1.442618993,1.658179612,2.04217641,3.248307229,2011
P2|lx2.0|li0.5|T3,1,1.239161109,1,0.7915665422,0.9530346192,1.442775179,1.658510348,1.961461791,3.266032002,2011
P2|uniformi|li0.5|T1,1,2.245412016,1,1.394891717,3.708374081,1.463995537,1.703446286,1.640807558,3.384963254,2011
P3|q25,1,1.835830731,1,1.553233029,1.606428489,1.840463086,1.676462204,2.727277153,4.316591614,2011
P3|q75,1,2.232575102,1,1.390431177,3.250634724,1.840463086,1.676462204,2.537628184,3.552701699,2011
condizionata|P1|E6|agg|T1,1,1.58536193,1,1.471254381,2.050252917,0.6315470915,0.2489454889,2.787300052,4.766815416,2011
persistenza,1,1,1,1,1,1,1,1,1,2011
trend_mobile,1,1.081292629,1,1.207595044,1.15583642,1.204738569,0.3786023653,0.8081685071,1.060936273,2011
ultimo_tasso,1,0.6720841496,1,0.8568119407,0.7403493402,0.436118957,0.4183250729,0.6803938038,0.5971955301,2011
P0,1,0.671791661,1,0.6525827515,0.8142693595,0.4382712606,0.3485194337,1.493717225,0.6908794183,2012
P1|E6|agg+ind|T1,1,1.186991413,1,0.84873564,0.8564945789,1.770295902,0.4502692616,2.224618013,3.302106796,2012
P1|E6|agg+ind|T2,1,1.155043165,1,1.113442437,1.00681914,0.7611449135,0.2739976604,2.857255724,3.929463136,2012
P1|E6|agg+ind|T3,1,1.003150667,1,0.8331838417,0.8581599685,0.9055109154,0.340838381,1.709803375,3.901426679,2012
P1|E6|agg|T1,1,1.823845042,1,1.548362619,2.275268905,1.753515898,0.4346222913,2.468577216,3.183226302,2012
P1|E6|agg|T2,1,1.499217605,1,1.308631533,1.514815521,1.637928694,0.3672048021,2.737495232,3.020050167,2012
P1|E6|agg|T3,1,1.522855399,1,1.291840181,1.422250192,1.753515898,0.4346222913,2.812359927,3.476897628,2012
P1|E6|ind|T1,1,1.883133327,1,1.224285421,1.361230604,3.163791455,0.8326973533,3.313581825,4.515428044,2012
P1|E6|ind|T2,1,1.268680476,1,1.151655895,1.087554207,1.080742515,0.3430006377,2.730064674,4.19931291,2012
P1|E6|ind|T3,1,1.144508609,1,0.8403933377,0.861874132,1.601951774,0.6480054106,1.612493907,3.360255536,2012
P1|E6|nessuna|T1,1,3.311033017,1,1.527103469,2.707348928,7.242686623,2.436527279,3.757338464,3.212806446,2012
P1|E6|nessuna|T2,1,2.725430134,1,1.479285605,1.586230684,5.868894053,2.19677383,4.184689716,4.061691362,2012
P1|E6|nessuna|T3,1,2.762073833,1,1.471698208,1.615125902,6.041003412,2.245545615,4.210034129,3.855392991,2012
P1|largo|agg+ind|T1,1,1.211312296,1,0.8430284319,0.8565767808,1.770326744,0.450298021,2.205741168,3.840970463,2012
P1|largo|agg+ind|T2,1,1.142242377,1,1.113846607,1.033916159,0.7611449135,0.2739976604,2.590037189,3.775658781,2012
P1|largo|agg+ind|T3,1,1.003641616,1,0.832983884,0.8581630591,0.9054968081,0.3408252263,1.722718928,3.899594054,2012
P1|largo|agg|T1,1,1.832582932,1,1.570254524,2.142573804,1.753515898,0.4346222913,2.721190027,3.77019047,2012
P1|largo|agg|T2,1,1.620836039,1,1.409702898,1.737103743,1.637928694,0.3672048021,3.015649393,3.23410717,2012
P1|largo|agg|T3,1,1.590053916,1,1.368708671,1.620357415,1.753515898,0.4346222913,2.586923006,3.396450617,2012
P1|largo|ind|T1,1,1.970426041,1,1.235770497,1.458504681,3.569248459,0.8896973639,2.870385986,4.316095216,2012
P1|largo|ind|T2,1,1.263994441,1,1.169409868,1.134124845,1.066328426,0.3411702403,2.486516949,4.024509413,2012
P1|largo|ind|T3,1,1.136820315,1,0.8384609276,0.8616588946,1.514074844,0.636102611,1.640977336,3.566205428,2012
P1|largo|nessuna|T1,1,3.230698381,1,1.502161285,2.496375888,6.861391467,2.412602269,4.437703802,3.914270373,2012
P1|largo|nessuna|T2,1,2.77248479,1,1.408454447,1.599949955,6.372929204,2.239917557,3.736201136,3.691516315,2012
P1|largo|nessuna|T3,1,2.748464772,1,1.478991068,1.605910086,6.320625464,2.246833615,4.117421545,2.566297879,2012
P1|stretto|agg+ind|T1,1,1.221204626,1,0.848410512,0.8564921883,1.770306028,0.4502787041,2.218783723,3.994111073,2012
P1|stretto|agg+ind|T2,1,1.190696109,1,1.148081654,1.009327468,0.7611449135,0.2739976604,3.408846862,3.868045605,2012
P1|stretto|agg+ind|T3,1,0.9537787633,1,0.833455027,0.8581163038,0.9055035517,0.3408315145,1.716174308,2.906295737,2012
P1|stretto|agg|T1,1,1.832525871,1,1.252774502,2.633382407,1.753515898,0.4346222913,1.233215334,4.217052466,2012
P1|stretto|agg|T2,1,1.281885452,1,1.149852331,1.254676712,1.27041742,0.2897179609,2.421729596,3.127699578,2012
P1|stretto|agg|T3,1,1.332817936,1,1.078929098,1.115618967,1.753515898,0.4346222913,2.405813727,3.199948434,2012
P1|stretto|ind|T1,1,1.554723295,1,1.014196575,1.091656806,2.600499794,0.7504658667,2.799465439,3.756949271,2012
P1|stretto|ind|T2,1,1.167919187,1,1.034487093,0.9738847042,1.084806258,0.3436776774,2.22850604,4.05306652,2012
P1|stretto|ind|T3,1,1.128219275,1,0.8308846965,0.8614573604,1.529988764,0.6379529199,1.596027529,3.41844474,2012
P1|stretto|nessuna|T1,1,3.656022008,1,1.629783118,2.914540993,8.430270187,2.80808026,2.901980559,3.615273668,2012
P1|stretto|nessuna|T2,1,2.235563372,1,1.299008131,1.152233314,4.704894121,1.994247102,3.662149873,3.533598216,2012
P1|stretto|nessuna|T3,1,2.272506099,1,1.32087801,1.153096377,4.715339687,2.018840215,3.903750288,3.803486195,2012
P1|tetto100|agg+ind|T1,1,1.175337517,1,0.8448169939,0.856296293,1.770341462,0.4503117454,2.194498332,3.123582938,2012
P1|tetto100|agg+ind|T2,1,1.02563019,1,1.014775189,0.8428289932,0.7611449135,0.2739976604,2.61992795,3.154475773,2012
P1|tetto100|agg+ind|T3,1,0.9799476656,1,0.8321318813,0.8582614246,0.9055649778,0.340888793,1.673304273,3.479251706,2012
P1|tetto100|agg|T1,1,1.877209236,1,2.535803219,0.7800747205,1.753515896,0.4346222891,4.145848636,5.619760285,2012
P1|tetto100|agg|T2,1,0.9172182909,1,0.9329778701,0.8521758178,0.5279965806,0.2079039339,1.924208792,3.181440709,2012
P1|tetto100|agg|T3,1,1.023726283,1,0.9252822706,0.8560880442,0.9647753895,0.3216577538,1.623276924,3.660609784,2012
P1|tetto100|ind|T1,1,1.212280126,1,0.8399923518,0.858574051,1.823367563,0.6371871838,2.113541485,3.372817998,2012
P1|tetto100|ind|T2,1,1.030874555,1,0.8962944389,0.8424141094,1.132663009,0.3507073476,1.682377586,3.27079549,2012
P1|tetto100|ind|T3,1,1.150728748,1,0.840492707,0.8618141759,1.589236433,0.6464202445,1.595159414,3.555788029,2012
P1|tetto100|nessuna|T1,1,5.227375466,1,4.507681749,0.7643698507,13.37883542,3.670479847,3.764975553,8.293922769,2012
P1|tetto100|nessuna|T2,1,1.863033274,1,1.150541576,0.8709061801,3.776975198,1.858435854,3.468305304,2.838901133,2012
P1|tetto100|nessuna|T3,1,1.918499268,1,1.178055478,0.8716120047,3.828562015,1.787670157,3.632070553,3.550321536,2012
P1|tetto110|agg+ind|T1,1,1.257594475,1,0.8859642835,0.9173273482,1.769734717,0.4497459691,2.164079039,4.189629857,2012
P1|tetto110|agg+ind|T2,1,1.152225835,1,1.146505838,1.005654302,0.7611449135,0.2739976604,3.408916138,3.130064755,2012
P1|tetto110|agg+ind|T3,1,1.001600878,1,0.8326293528,0.8581904592,0.9055475446,0.340872537,1.68460148,3.898561957,2012
P1|tetto110|agg|T1,1,1.812154596,1,1.27087274,2.583966966,1.753515898,0.4346222913,1.32737852,3.903366984,2012
P1|tetto110|agg|T2,1,1.394089685,1,1.183908537,1.546971444,1.361714611,0.3027936744,2.085132093,3.35893592,2012
P1|tetto110|agg|T3,1,1.306423456,1,1.069206104,1.101807159,1.753515898,0.4346222913,2.444600575,2.774480791,2012
P1|tetto110|ind|T1,1,1.485103373,1,1.025108936,1.092206906,2.534181727,0.7420554004,2.844880053,2.532454644,2012
P1|tetto110|ind|T2,1,1.274324303,1,1.129432231,1.05356744,1.101594993,0.3461389709,3.168470223,4.121359898,2012
P1|tetto110|ind|T3,1,1.173082409,1,0.8424265538,0.8620177882,1.646383013,0.6540292432,1.6233142,3.71807739,2012
P1|tetto110|nessuna|T1,1,3.644758832,1,1.642383869,2.923035481,8.339657004,2.795017523,2.925023799,3.628973687,2012
P1|tetto110|nessuna|T2,1,2.474505793,1,1.391222212,1.417740452,5.148308867,2.088498801,3.685054297,4.181052503,2012
P1|tetto110|nessuna|T3,1,2.431054801,1,1.424132651,1.421737179,5.080307548,2.052878912,3.8919751,3.226913927,2012
P2|inv1.0|m0.0|S0.0|T1,1,0.8035956507,1,0.6541660467,0.8595156582,0.4382695477,0.1039579193,1.555013857,3.473814899,2012
P2|inv1.0|m0.0|S0.0|T3,1,0.7858344612,1,0.6521942591,0.860514717,0.4382695477,0.1039579193,1.4241008,3.255340539,2012
P2|inv1.0|m1.0|S1.0|T1,1,0.6471469596,1,0.6692392855,0.8551203749,0.4382695477,0.1039579193,1.157608799,0.6781784015,2012
P2|inv1.0|m1.0|S1.0|T3,1,0.6468555385,1,0.6681956502,0.8551926006,0.4382695478,0.1039579193,1.157608834,0.6781784015,2012
P2|lx0.5|li0.1|T1,1,1.01152065,1,0.7076225419,0.8545700057,1.150581504,0.4022190134,1.924571165,3.525922503,2012
P2|lx0.5|li0.1|T3,1,0.9929955107,1,0.7186342736,0.8540683878,1.13194862,0.3869035264,1.688576843,3.433515871,2012
P2|lx0.5|li0.5|T1,1,1.012064826,1,0.7101122445,0.8544234985,1.144815503,0.3989016012,1.95916084,3.517856011,2012
P2|lx0.5|li0.5|T3,1,0.9856510709,1,0.7276542705,0.8535116011,1.141564439,0.395870059,1.666964491,3.201063821,2012
P2|lx2.0|li0.1|T1,1,0.9954540054,1,0.6719224398,0.8943366202,1.186650247,0.4303349326,1.635047135,3.26920776,2012
P2|lx2.0|li0.1|T3,1,0.9860137899,1,0.6723352702,0.8945666981,1.124554636,0.3800088053,1.723699224,3.336928609,2012
P2|lx2.0|li0.5|T1,1,1.01456677,1,0.6746660551,0.9175912175,1.137182903,0.3917843759,1.739721045,3.665770357,2012
P2|lx2.0|li0.5|T3,1,0.9818431019,1,0.6753288131,0.914795241,1.136129351,0.3908019628,1.734924228,3.035072156,2012
P2|uniformi|li0.5|T1,1,1.962873063,1,1.210123632,3.442958322,1.17894526,0.4307268207,2.243732294,3.51800257,2012
P3|q25,1,1.671712816,1,1.547187826,1.529083918,1.753515898,0.4346222913,2.897081113,4.196236562,2012
P3|q75,1,2.288684135,1,1.319364162,3.802260258,1.753515898,0.4346222913,3.881805314,3.278822688,2012
condizionata|P1|E6|agg|T1,1,1.769251762,1,1.140969421,2.938497172,0.7729890421,0.2576296998,4.219972698,3.081047428,2012
persistenza,1,1,1,1,1,1,1,1,1,2012
trend_mobile,1,0.737119749,1,0.8491888266,0.6828320645,0.4993390414,0.6326955282,1.484876906,0.8026455054,2012
ultimo_tasso,1,0.8337089145,1,0.8283426125,1.026411143,0.6126370199,0.3485194337,1.764288268,0.6337805404,2012
P0,1,0.6387726615,1,0.6082189721,0.9442684026,0.4388984829,0.1846448106,0.8035066893,0.5321387407,2013
P1|E6|agg+ind|T1,1,1.609134752,1,1.502593132,1.912877164,1.020061378,0.2165959888,3.585948112,3.590487665,2013
P1|E6|agg+ind|T2,1,1.520669271,1,1.480781427,1.924269786,0.6353784245,0.2014145818,3.479855709,3.55887957,2013
P1|E6|agg+ind|T3,1,1.437903873,1,1.428689525,1.805316436,0.6097791009,0.1795617656,3.404118324,3.151683437,2013
P1|E6|agg|T1,1,2.010024215,1,1.775835382,2.630867543,1.543332342,0.3036966728,3.175857749,3.803686287,2013
P1|E6|agg|T2,1,1.580462028,1,1.570471758,1.972021531,0.6874509783,0.1146934366,3.584781583,3.790308456,2013
P1|E6|agg|T3,1,1.634136153,1,1.570471758,1.972021531,0.6874509783,0.1146934366,3.584781583,4.863790954,2013
P1|E6|ind|T1,1,1.622973174,1,1.501714541,1.913191291,1.047829678,0.2360732332,3.582199226,3.724364084,2013
P1|E6|ind|T2,1,1.719968533,1,1.554272585,2.036778912,0.8879338497,0.2676986953,3.748868121,5.017060772,2013
P1|E6|ind|T3,1,1.417853909,1,1.318212441,1.495391498,0.8331573919,0.2445148728,3.261000007,4.392795236,2013
P1|E6|nessuna|T1,1,3.963592214,1,2.031381173,3.701851146,7.902448484,2.299335916,3.192167594,5.471816997,2013
P1|E6|nessuna|T2,1,2.663223279,1,1.491011854,1.670730804,5.619548383,1.688756945,3.87450076,4.563801451,2013
P1|E6|nessuna|T3,1,2.710779778,1,1.491011854,1.670730804,5.619548383,1.688756945,3.87450076,5.514931435,2013
P1|largo|agg+ind|T1,1,1.889158623,1,1.760281978,2.353838466,1.426201033,0.2764289683,4.068282159,2.772505574,2013
P1|largo|agg+ind|T2,1,1.482834563,1,1.462940858,1.717415596,0.6573696106,0.2034348223,4.096014649,3.442189793,2013
P1|largo|agg+ind|T3,1,1.410677683,1,1.362349041,1.496343951,0.6165075847,0.1805612937,3.892964408,4.341278364,2013
P1|largo|agg|T1,1,2.14774081,1,1.886919501,2.49048612,1.543332342,0.3036966728,4.414247531,5.495412228,2013
P1|largo|agg|T2,1,1.892807644,1,1.884956326,2.459344013,0.8092644596,0.1961819185,3.796705261,4.364223908,2013
P1|largo|agg|T3,1,1.8685042,1,1.884956326,2.459344013,0.8092644596,0.1961819185,3.796705261,3.878155024,2013
P1|largo|ind|T1,1,2.018322155,1,1.77060002,2.355982149,1.506778252,0.3037546484,4.061851585,4.910476209,2013
P1|largo|ind|T2,1,1.645786122,1,1.535058977,1.809497435,0.8466600196,0.2617953453,4.074875652,4.863277541,2013
P1|largo|ind|T3,1,1.512901806,1,1.49925458,1.686626167,0.8491989293,0.2482849528,3.825153879,3.42423213,2013
P1|largo|nessuna|T1,1,3.443643328,1,1.85296766,2.912748249,6.497722483,2.094881817,4.748530178,5.349387364,2013
P1|largo|nessuna|T2,1,2.614226924,1,1.473335111,1.460324963,5.557207305,1.690043138,4.122368083,4.951294453,2013
P1|largo|nessuna|T3,1,2.662871196,1,1.473335111,1.460324963,5.557207305,1.690043138,4.122368083,5.924179896,2013
P1|stretto|agg+ind|T1,1,1.417331446,1,1.318233585,1.846954196,0.6088797591,0.1598428656,2.901203046,3.699094426,2013
P1|stretto|agg+ind|T2,1,1.419320346,1,1.338710374,1.835302547,0.6210375013,0.2000971398,2.848255457,3.609729661,2013
P1|stretto|agg+ind|T3,1,1.38345698,1,1.228782931,1.64017689,0.5938907887,0.176234985,3.34374204,4.383605506,2013
P1|stretto|agg|T1,1,1.882305359,1,1.427025893,2.375481571,1.543332342,0.3036966728,3.104140129,4.946199557,2013
P1|stretto|agg|T2,1,1.353089295,1,1.272152874,1.369874012,0.6682833231,0.1018710207,3.533428672,4.799320572,2013
P1|stretto|agg|T3,1,1.329079941,1,1.270219261,1.361149937,0.6682848816,0.1018720633,3.524390147,4.392109827,2013
P1|stretto|ind|T1,1,1.404876754,1,1.306061309,1.79340237,0.5076225782,0.1766241652,2.954765832,4.162248522,2013
P1|stretto|ind|T2,1,1.482743259,1,1.290971624,1.679605064,0.8949928161,0.269104026,2.911762221,4.80146351,2013
P1|stretto|ind|T3,1,1.452483789,1,1.307572944,1.693130811,0.8765714508,0.2490421296,2.900601166,4.140482031,2013
P1|stretto|nessuna|T1,1,3.496955371,1,1.703627749,2.400518097,8.081624482,2.377285019,3.211118755,5.022045618,2013
P1|stretto|nessuna|T2,1,2.645265097,1,1.380879954,1.340057415,5.684337217,1.885899298,4.20919408,5.861336187,2013
P1|stretto|nessuna|T3,1,2.645265097,1,1.380879954,1.340057415,5.684337217,1.885899298,4.20919408,5.861336187,2013
P1|tetto100|agg+ind|T1,1,1.324469104,1,1.833293868,0.9906214573,0.4998718341,0.1482198373,1.064650023,6.185313084,2013
P1|tetto100|agg+ind|T2,1,1.335999273,1,1.775018317,0.9926273585,0.5679357381,0.1952188976,1.156402882,6.295527786,2013
P1|tetto100|agg+ind|T3,1,1.309174686,1,1.739097243,0.9954597025,0.5069677545,0.1503910759,1.172029304,6.275469569,2013
P1|tetto100|agg|T1,1,1.852480735,1,2.521678122,0.9544656731,1.543332342,0.3036966728,2.328413432,7.083615796,2013
P1|tetto100|agg|T2,1,1.150789006,1,1.406706008,0.9872217153,0.333733718,0.07163647994,2.715058627,4.458947324,2013
P1|tetto100|agg|T3,1,1.141404902,1,1.377619901,0.985612187,0.333733718,0.07163647994,2.743062867,4.427434824,2013
P1|tetto100|ind|T1,1,1.356604757,1,1.737528556,1.009396723,0.6979956063,0.2076266173,1.357024255,6.086283547,2013
P1|tetto100|ind|T2,1,1.368916523,1,1.801219949,1.004605434,0.7366607749,0.2493807399,0.9500231377,6.147950451,2013
P1|tetto100|ind|T3,1,1.336496329,1,1.729201804,1.009771406,0.6958598256,0.2070027583,1.384076048,5.714566459,2013
P1|tetto100|nessuna|T1,1,5.013246604,1,4.479959663,0.9038385614,11.76865593,3.016083103,4.395301631,10.46005118,2013
P1|tetto100|nessuna|T2,1,2.113221325,1,1.127102496,1.017977991,4.408666926,1.597507094,3.290631085,5.273630601,2013
P1|tetto100|nessuna|T3,1,2.099133103,1,1.127365319,1.017974515,4.408950911,1.59756175,3.292209619,4.987486289,2013
P1|tetto110|agg+ind|T1,1,1.298703089,1,1.116426456,1.617710435,0.6080860073,0.1577057478,2.845958235,3.975526669,2013
P1|tetto110|agg+ind|T2,1,1.465624884,1,1.50478629,1.849398211,0.633736801,0.2012637726,2.676739892,3.573176036,2013
P1|tetto110|agg+ind|T3,1,1.241243254,1,1.191306177,1.46110796,0.5993995089,0.1770691185,2.60048659,3.558157397,2013
P1|tetto110|agg|T1,1,1.806521355,1,1.452240985,2.383559182,1.543332342,0.3036966728,1.86578096,4.469122432,2013
P1|tetto110|agg|T2,1,1.308833532,1,1.352859895,1.465609137,0.6695389812,0.1027110071,3.188436217,3.193842296,2013
P1|tetto110|agg|T3,1,1.335965136,1,1.352926049,1.465214518,0.6695357444,0.1027088418,3.188021759,3.738876903,2013
P1|tetto110|ind|T1,1,1.217774049,1,1.140917677,1.485887027,0.5009869301,0.191261593,2.233096575,3.975085284,2013
P1|tetto110|ind|T2,1,1.445705792,1,1.300831137,1.634748134,0.8969724179,0.2692546187,2.929286867,4.244954439,2013
P1|tetto110|ind|T3,1,1.391039998,1,1.179357109,1.593454891,0.8797476266,0.2487707143,2.275578775,4.891817249,2013
P1|tetto110|nessuna|T1,1,3.525763752,1,1.705701766,2.407146827,8.294064733,2.399874229,3.261778616,4.600397473,2013
P1|tetto110|nessuna|T2,1,2.501730899,1,1.33734674,1.34513992,5.201130487,1.657813746,4.116181222,5.703367352,2013
P1|tetto110|nessuna|T3,1,2.501178396,1,1.33734674,1.34513992,5.201130487,1.657813746,4.116181222,5.692317289,2013
P2|inv1.0|m0.0|S0.0|T1,1,0.9356504098,1,0.7875615489,1.00976596,0.4166695255,0.2183539535,1.488952653,4.336704482,2013
P2|inv1.0|m0.0|S0.0|T3,1,0.9145599238,1,0.7855458443,1.009744365,0.4166695255,0.2183539535,1.127445375,4.288625837,2013
P2|inv1.0|m1.0|S1.0|T1,1,0.7267827505,1,0.8086630957,1.02863497,0.4166695255,0.2183539535,0.8536719639,0.5548086455,2013
P2|inv1.0|m1.0|S1.0|T3,1,0.7235233619,1,0.8062706758,1.020162761,0.4166695255,0.2183539535,0.8536719639,0.5548086455,2013
P2|lx0.5|li0.1|T1,1,1.02077582,1,0.7933763424,1.009624718,0.953179522,0.1972293977,1.641736099,3.748597061,2013
P2|lx0.5|li0.1|T3,1,0.9788404809,1,0.7934917395,1.009877368,0.953179522,0.1972293977,0.9205095848,3.628908504,2013
P2|lx0.5|li0.5|T1,1,0.9994286635,1,0.7933878175,1.009624687,0.953179522,0.1972293977,1.647046336,3.316275024,2013
P2|lx0.5|li0.5|T3,1,0.9756833403,1,0.7934917484,1.009877336,0.953179522,0.1972293977,0.9205347066,3.565740711,2013
P2|lx2.0|li0.1|T1,1,1.017199926,1,0.7847298932,0.9919848298,0.953179522,0.1972293977,1.447451404,4.029081904,2013
P2|lx2.0|li0.1|T3,1,0.9721985452,1,0.7847447139,0.9926303207,0.953179522,0.1972293977,1.010216786,3.562327026,2013
P2|lx2.0|li0.5|T1,1,0.9923333126,1,0.7847322417,0.9919726885,0.953179522,0.1972293977,1.427538931,3.551720856,2013
P2|lx2.0|li0.5|T3,1,0.9721985452,1,0.7847447139,0.9926303207,0.953179522,0.1972293977,1.010216786,3.562327026,2013
P2|uniformi|li0.5|T1,1,1.125495002,1,0.9084667446,1.124131509,0.953179522,0.1972293977,1.689797952,4.417335679,2013
P3|q25,1,1.815207127,1,1.852603578,1.933874216,1.543332342,0.3036966728,2.645458349,4.159094723,2013
P3|q75,1,2.318632015,1,1.468658682,3.684420955,1.543332342,0.3036966728,4.109064093,4.564375662,2013
condizionata|P1|E6|agg|T1,1,1.956163504,1,1.265346377,3.179720062,0.9510502264,0.3355836192,3.725377608,4.252125687,2013
persistenza,1,1,1,1,1,1,1,1,1,2013
trend_mobile,1,0.6861395749,1,0.7760344416,0.8312057489,0.5052846449,0.5433089709,0.613899564,0.3576942711,2013
ultimo_tasso,1,0.6548460518,1,0.6288646066,0.9223867757,0.3959693153,0.1846448106,1.256786157,0.5794597031,2013
P0,1,0.6184563291,1,0.6117790135,0.588845067,0.7296336915,0.1556757629,1.352651889,0.5828439173,2014
P1|E6|agg+ind|T1,1,1.592715173,1,1.485879009,1.616538667,1.177077513,0.2400701047,3.645441379,4.405905758,2014
P1|E6|agg+ind|T2,1,1.551934476,1,1.374138177,1.687840865,1.086273852,0.2475882634,3.819646839,4.00689649,2014
P1|E6|agg+ind|T3,1,1.592766805,1,1.485853971,1.616539736,1.177454627,0.2401008451,3.645112665,4.405840995,2014
P1|E6|agg|T1,1,1.877657945,1,1.552275457,2.132533235,1.402754542,0.1891921689,6.369088565,3.08581568,2014
P1|E6|agg|T2,1,1.775122333,1,1.637536343,1.999837252,0.8695729538,0.1454575135,6.604932314,3.304065926,2014
P1|E6|agg|T3,1,1.770938508,1,1.637425035,1.999763783,0.8695731903,0.1454576005,6.604460343,3.221968951,2014
P1|E6|ind|T1,1,2.045906174,1,1.47886103,1.862610202,3.313821327,0.42583324,3.739375608,3.0229687,2014
P1|E6|ind|T2,1,2.038662837,1,1.465194807,1.842138081,3.322895458,0.4265671111,3.796047574,2.988495789,2014
P1|E6|ind|T3,1,2.034435737,1,1.473948958,1.842488623,3.325323317,0.4267522961,3.74531515,2.889976251,2014
P1|E6|nessuna|T1,1,3.413624127,1,1.609107413,2.439495859,8.024008754,1.987894348,5.205047315,2.70399189,2014
P1|E6|nessuna|T2,1,3.044542996,1,1.644258524,1.106309758,7.699118196,1.613761104,4.96514577,5.398309472,2014
P1|E6|nessuna|T3,1,3.039209865,1,1.64426604,1.105598317,7.71373723,1.615064645,4.97164636,5.22828658,2014
P1|largo|agg+ind|T1,1,1.599204971,1,1.507633182,1.652084789,1.23872735,0.2458266577,3.413874607,4.165354275,2014
P1|largo|agg+ind|T2,1,1.627640314,1,1.556157285,1.731185851,1.090074863,0.2495099334,3.853991485,4.115436669,2014
P1|largo|agg+ind|T3,1,1.597801555,1,1.507814519,1.652247519,1.238020113,0.2457667857,3.413847411,4.138197441,2014
P1|largo|agg|T1,1,1.874952896,1,1.741847574,2.109676235,1.097367416,0.1629363954,6.475334762,3.199237856,2014
P1|largo|agg|T2,1,1.851143622,1,1.809670225,2.067261771,0.8801113232,0.1493346678,6.815421798,3.126744031,2014
P1|largo|agg|T3,1,1.856690259,1,1.809670225,2.067261771,0.8801113232,0.1493346678,6.815421798,3.237676766,2014
P1|largo|ind|T1,1,2.067839502,1,1.521663126,1.929170074,3.256772474,0.4229318419,3.77714132,3.001695945,2014
P1|largo|ind|T2,1,2.004981202,1,1.42766231,1.776557624,3.252165279,0.422857195,4.063198474,2.95673045,2014
P1|largo|ind|T3,1,1.999809301,1,1.430925924,1.770368318,3.242613664,0.4220338424,4.02265719,2.951241037,2014
P1|largo|nessuna|T1,1,2.966956722,1,2.05453697,2.393658823,5.370430391,1.444619356,5.013360915,3.265638489,2014
P1|largo|nessuna|T2,1,3.088580655,1,1.752681866,1.154114026,7.595164456,1.60194202,5.730566336,5.015729541,2014
P1|largo|nessuna|T3,1,3.086582979,1,1.752708341,1.153995849,7.597978517,1.602182518,5.731190385,4.963964948,2014
P1|stretto|agg+ind|T1,1,1.450071279,1,1.474604238,1.149012009,1.215032914,0.2436626001,3.173631312,4.738639937,2014
P1|stretto|agg+ind|T2,1,1.391006709,1,1.446165403,1.097197722,1.049033059,0.2287605065,3.197269973,4.709032206,2014
P1|stretto|agg+ind|T3,1,1.450067287,1,1.47460494,1.14901262,1.215012908,0.2436613544,3.173624624,4.73864141,2014
P1|stretto|agg|T1,1,1.645454956,1,1.192542036,1.568850454,1.691205592,0.2139918568,5.589074844,3.558863242,2014
P1|stretto|agg|T2,1,1.433405982,1,1.197355989,1.551449141,0.8432618657,0.1357774439,5.345598642,3.185087854,2014
P1|stretto|agg|T3,1,1.450823694,1,1.197355989,1.551449141,0.8432618657,0.1357774439,5.345598642,3.5334421,2014
P1|stretto|ind|T1,1,1.863699965,1,1.2582956,1.255596148,3.361297059,0.4289183135,4.193008526,3.69461542,2014
P1|stretto|ind|T2,1,1.760962009,1,1.230054226,1.233392081,2.999119475,0.3980287791,3.971342947,3.674683936,2014
P1|stretto|ind|T3,1,1.735134528,1,1.173277576,1.234200677,3.03615658,0.4005456848,3.732801128,3.579302237,2014
P1|stretto|nessuna|T1,1,4.027400299,1,1.623173754,1.60880089,11.70450572,2.377305338,4.753607084,4.829917458,2014
P1|stretto|nessuna|T2,1,2.856597009,1,1.524165641,1.121517795,7.214960659,1.576762762,4.220818999,5.023652404,2014
P1|stretto|nessuna|T3,1,2.83085498,1,1.524165641,1.121517795,7.214960659,1.576762762,4.220819,4.508811816,2014
P1|tetto100|agg+ind|T1,1,1.310493118,1,1.616021972,0.8683585413,1.053334617,0.2349356325,1.312258328,5.308111207,2014
P1|tetto100|agg+ind|T2,1,1.285753355,1,1.641139501,0.8642101199,0.8750554441,0.2227191611,1.370885475,5.366423793,2014
P1|tetto100|agg+ind|T3,1,1.310137948,1,1.616124119,0.8683660987,1.051358582,0.2347909433,1.312498181,5.308303259,2014
P1|tetto100|agg|T1,1,1.694646903,1,1.962488242,0.8484353887,1.839453458,0.226737523,3.296052701,5.920054706,2014
P1|tetto100|agg|T2,1,1.215732193,1,1.566467614,0.8635535425,0.360030736,0.1217269578,2.999533193,5.051406881,2014
P1|tetto100|agg|T3,1,1.215745258,1,1.56624585,0.8636068312,0.3601149829,0.1217579529,3.000442484,5.051370746,2014
P1|tetto100|ind|T1,1,1.479195353,1,1.505412098,0.8709888314,2.023086903,0.3164708717,1.537429381,5.062782745,2014
P1|tetto100|ind|T2,1,1.461704726,1,1.514036852,0.8703154414,1.936874442,0.3095549789,1.471311747,5.090061281,2014
P1|tetto100|ind|T3,1,1.479181055,1,1.505406794,0.870993633,2.023018257,0.3164662498,1.537443698,5.062769322,2014
P1|tetto100|nessuna|T1,1,4.931395558,1,3.338396122,0.8624464032,14.70072036,2.532957068,2.40484174,7.149218684,2014
P1|tetto100|nessuna|T2,1,2.722063116,1,1.416605565,0.9102733133,6.7576843,1.615556172,5.151030683,5.067108823,2014
P1|tetto100|nessuna|T3,1,2.723313109,1,1.416605565,0.9102733133,6.757684297,1.615556171,5.151030684,5.092108702,2014
P1|tetto110|agg+ind|T1,1,1.444630777,1,1.474954607,1.149017258,1.183602463,0.2412981272,3.190794545,4.740983707,2014
P1|tetto110|agg+ind|T2,1,1.39426663,1,1.370719816,1.194441472,1.073869155,0.2413168444,3.115958398,4.600296164,2014
P1|tetto110|agg+ind|T3,1,1.444568594,1,1.474949305,1.149030244,1.183314944,0.2412824603,3.190683264,4.740986625,2014
P1|tetto110|agg|T1,1,1.67629028,1,1.229734586,1.604375253,1.705958888,0.2152602769,6.027542734,3.23924773,2014
P1|tetto110|agg|T2,1,1.484000112,1,1.280615425,1.561105117,0.8417818624,0.1352329383,5.939084185,3.053001487,2014
P1|tetto110|agg|T3,1,1.501218439,1,1.290375498,1.560948238,0.8410558333,0.1349658261,5.938863478,3.3434079,2014
P1|tetto110|ind|T1,1,1.826996443,1,1.202587476,1.25755231,3.326522462,0.4261732563,4.011986678,3.608667109,2014
P1|tetto110|ind|T2,1,1.727170476,1,1.17253957,1.235109966,2.984693392,0.3968974409,3.740098684,3.624845179,2014
P1|tetto110|ind|T3,1,1.732331535,1,1.173619356,1.235357822,2.999720032,0.3982050487,3.764648848,3.632828554,2014
P1|tetto110|nessuna|T1,1,4.005371271,1,1.614275214,1.645032772,11.6107123,2.367560833,4.630332346,4.743274304,2014
P1|tetto110|nessuna|T2,1,2.971576761,1,1.539994714,1.054361906,7.711035088,1.618022851,4.588399849,5.196809605,2014
P1|tetto110|nessuna|T3,1,2.960620263,1,1.539202194,1.057122121,7.671273593,1.615480742,4.551591344,5.166812168,2014
P2|inv1.0|m0.0|S0.0|T1,1,1.082987454,1,0.9710977107,0.9191494849,0.7296336915,0.1479516133,3.834737826,3.269090093,2014
P2|inv1.0|m0.0|S0.0|T3,1,1.062425418,1,0.9679125007,0.9156300249,0.7296336915,0.1479516133,3.716585535,3.01622968,2014
P2|inv1.0|m1.0|S1.0|T1,1,0.8047045279,1,0.9399696865,0.9180584797,0.7296336916,0.1479516133,1.061147025,0.6703365428,2014
P2|inv1.0|m1.0|S1.0|T3,1,0.8047971201,1,0.9412777081,0.9170590989,0.7296336915,0.1479516133,1.061147025,0.6703365428,2014
P2|lx0.5|li0.1|T1,1,0.9367232868,1,0.9457362628,0.8928523643,0.7672190428,0.1642767756,1.351687068,2.953817182,2014
P2|lx0.5|li0.1|T3,1,0.9367232867,1,0.9457362628,0.8928523643,0.7672190425,0.1642767754,1.351687068,2.953817182,2014
P2|lx0.5|li0.5|T1,1,1.003444287,1,0.9578657909,0.8976553579,0.8049190232,0.1502028099,1.843329696,3.572347446,2014
P2|lx0.5|li0.5|T3,1,1.000880409,1,0.9578657909,0.8976553579,0.8049190232,0.1502028099,1.843329696,3.521069875,2014
P2|lx2.0|li0.1|T1,1,1.099495157,1,0.9098541297,0.9422373221,1,0.1852914816,2.723410112,3.783361354,2014
P2|lx2.0|li0.1|T3,1,1.099495157,1,0.9098541297,0.9422373221,1,0.1852914816,2.723410112,3.783361354,2014
P2|lx2.0|li0.5|T1,1,0.9661850432,1,0.9171017527,0.9352123081,0.5204747538,0.1392636518,2.349869942,3.499520239,2014
P2|lx2.0|li0.5|T3,1,0.9288628333,1,0.9171017527,0.9352123081,0.5204747538,0.1392636518,2.349869942,2.753076041,2014
P2|uniformi|li0.5|T1,1,0.945758634,1,0.9809093817,0.7897218172,0.7968397145,0.1495081883,1.304282816,3.500727437,2014
P3|q25,1,1.991226819,1,1.695925369,2.158709046,1.701176074,0.2148490727,6.683610048,2.778717406,2014
P3|q75,1,1.84068682,1,1.544248098,2.317036665,0.9051003735,0.1464061639,6.571954501,3.160859501,2014
condizionata|P1|E6|agg|T1,1,1.625955341,1,1.218563157,2.04259072,1.180617518,0.2754227341,4.721534179,2.957333834,2014
persistenza,1,1,1,1,1,1,1,1,1,2014
trend_mobile,1,0.7859176795,1,0.8271208809,0.7070115528,0.9463882468,0.3910022291,1.282089966,0.6639115759,2014
ultimo_tasso,1,0.7480062283,1,0.724354418,0.679619614,1.01719146,0.1556757629,1.535472174,0.6206908334,2014
P0,1,0.7077600916,1,0.6726327098,0.4238320022,1.087409196,0.184210076,1.525181575,1.33317505,2015
P1|E6|agg+ind|T1,1,1.997546463,1,1.322597133,2.114820968,1.587571602,0.2615229243,8.305100024,4.147988366,2015
P1|E6|agg+ind|T2,1,2.039391227,1,1.389630326,2.084988158,1.74926917,0.2029118264,7.667368204,4.869845095,2015
P1|E6|agg+ind|T3,1,2.01244744,1,1.322597133,2.114820968,1.587571603,0.2615229243,8.305100023,4.446007897,2015
P1|E6|agg|T1,1,2.203023196,1,1.740102869,2.272524561,2.129047682,0.2793575239,6.914450815,3.995342753,2015
P1|E6|agg|T2,1,2.010437075,1,1.72896264,1.819797826,1.783818198,0.1429297235,7.266301202,4.228745262,2015
P1|E6|agg|T3,1,2.034763295,1,1.72896264,1.819797826,1.783818198,0.1429297235,7.266301202,4.715269668,2015
P1|E6|ind|T1,1,2.504686293,1,1.468504918,2.010228782,4.08195725,0.4459047595,7.47040877,4.531276358,2015
P1|E6|ind|T2,1,2.380372381,1,1.465566737,1.915958289,3.694318259,0.3426553756,7.490459559,4.365254117,2015
P1|E6|ind|T3,1,2.421388251,1,1.451300855,2.09297083,3.659781393,0.3476726534,7.419661155,4.408002874,2015
P1|E6|nessuna|T1,1,4.182943602,1,1.78594238,2.622892677,9.99120735,2.138952285,7.487052773,5.476074956,2015
P1|E6|nessuna|T2,1,3.716352808,1,1.686749326,1.199751774,8.821732686,2.12999015,7.931638458,9.529500059,2015
P1|E6|nessuna|T3,1,3.716296234,1,1.686689601,1.199873656,8.821616475,2.129965679,7.931268392,9.528879494,2015
P1|largo|agg+ind|T1,1,2.108036402,1,1.507189792,2.322389482,1.57724128,0.2596290476,7.982904074,4.37212511,2015
P1|largo|agg+ind|T2,1,2.013467004,1,1.568665277,2.038545906,1.759556288,0.2055546796,7.037062691,4.139675777,2015
P1|largo|agg+ind|T3,1,2.082848542,1,1.506323944,2.301071788,1.577172142,0.2595775281,7.984170785,4.000582046,2015
P1|largo|agg|T1,1,2.267377724,1,1.948699257,2.18311487,2.129047682,0.2793575239,7.00203653,4.479727414,2015
P1|largo|agg|T2,1,2.032433524,1,1.823913322,1.946209351,1.789888917,0.1432152986,7.402357022,3.179591167,2015
P1|largo|agg|T3,1,2.053885662,1,1.823913322,1.946209351,1.789888917,0.1432152986,7.402357022,3.60863392,2015
P1|largo|ind|T1,1,2.514254351,1,1.696913275,1.913690181,4.133488801,0.4520190177,7.522255649,3.661217408,2015
P1|largo|ind|T2,1,2.486649206,1,1.774251959,1.867929296,3.722055185,0.3449213878,8.082028141,4.219804934,2015
P1|largo|ind|T3,1,2.489629959,1,1.778380093,1.865320455,3.787990331,0.356829784,8.025392889,4.039382112,2015
P1|largo|nessuna|T1,1,4.064173466,1,2.126360291,2.40537729,9.316492822,2.168874295,6.822765999,5.666557958,2015
P1|largo|nessuna|T2,1,3.827635813,1,1.7149896,1.276778188,9.05688945,2.147139506,8.504361607,9.575911109,2015
P1|largo|nessuna|T3,1,3.803381167,1,1.715321288,1.277381959,9.056201332,2.147069434,8.499940891,9.092518771,2015
P1|stretto|agg+ind|T1,1,1.76217394,1,1.247811558,1.620444506,1.651278216,0.2698882887,4.807672231,6.081380751,2015
P1|stretto|agg+ind|T2,1,1.831469653,1,1.162227898,1.982792847,1.678560724,0.1956711348,5.078347856,5.575335562,2015
P1|stretto|agg+ind|T3,1,1.74048479,1,1.247711206,1.620448884,1.650114244,0.2697996434,4.807768613,5.652910386,2015
P1|stretto|agg|T1,1,1.911197313,1,1.428129418,2.011693382,1.789888917,0.1432152986,4.747251234,5.391771962,2015
P1|stretto|agg|T2,1,1.830574498,1,1.414889446,2.019554185,1.648990121,0.1267429877,4.491547659,4.663834056,2015
P1|stretto|agg|T3,1,1.850876389,1,1.414889446,2.019554185,1.648990121,0.1267429877,4.491547659,5.069871878,2015
P1|stretto|ind|T1,1,2.21071637,1,1.16853656,1.651371107,3.658907018,0.3574412569,6.825204002,5.119166816,2015
P1|stretto|ind|T2,1,2.265644961,1,1.192595326,1.841730831,3.672665547,0.3387288225,6.966546428,4.772276008,2015
P1|stretto|ind|T3,1,2.157456556,1,1.185177627,1.659398189,3.536654525,0.3373567748,7.063477905,4.196866666,2015
P1|stretto|nessuna|T1,1,4.55304702,1,1.723972989,2.05940626,12.87308316,2.413278888,4.869554113,7.172220393,2015
P1|stretto|nessuna|T2,1,3.459209126,1,1.633140969,1.037714674,8.010116816,2.07050673,7.564840932,9.412727,2015
P1|stretto|nessuna|T3,1,3.445682367,1,1.633140969,1.037714674,8.010116816,2.07050673,7.564840932,9.142191821,2015
P1|tetto100|agg+ind|T1,1,1.618183865,1,1.661922405,0.8227732692,1.65646803,0.2614658188,2.798930637,7.507768858,2015
P1|tetto100|agg+ind|T2,1,1.53133319,1,1.659393639,0.8214196522,1.303670958,0.1681078812,2.669991098,7.52089337,2015
P1|tetto100|agg+ind|T3,1,1.620099176,1,1.658245783,0.823660375,1.664110848,0.2544441986,2.846066794,7.499147993,2015
P1|tetto100|agg|T1,1,1.839925506,1,2.059582616,0.7681816171,1.377702582,0.1121650498,5.723087097,8.373697191,2015
P1|tetto100|agg|T2,1,1.569453325,1,1.472554696,0.7877216543,1.350916048,0.166244354,6.045847386,6.045408118,2015
P1|tetto100|agg|T3,1,1.537133938,1,1.478516549,0.7875458242,1.351201148,0.1663371906,6.00804258,5.400782977,2015
P1|tetto100|ind|T1,1,2.008540615,1,1.561247761,0.8444384361,3.357544523,0.3798633834,4.397948903,7.148841369,2015
P1|tetto100|ind|T2,1,1.951766733,1,1.553552873,0.8462066614,3.12139987,0.2978526239,4.413470911,7.142001807,2015
P1|tetto100|ind|T3,1,2.009660383,1,1.533228483,0.851478349,3.377748825,0.3156979044,4.67453684,7.068038708,2015
P1|tetto100|nessuna|T1,1,5.379999822,1,3.287387803,0.7501806241,16.30209963,2.649888642,2.975494331,9.89091573,2015
P1|tetto100|nessuna|T2,1,3.368756328,1,1.633740054,0.8712485442,7.917374158,2.071753465,6.780757886,9.751433523,2015
P1|tetto100|nessuna|T3,1,3.37042354,1,1.634210747,0.8711912069,7.919742701,2.071927197,6.800037582,9.753196303,2015
P1|tetto110|agg+ind|T1,1,1.733198652,1,1.200187707,1.623835447,1.645374282,0.2689369952,5.160622621,5.439840384,2015
P1|tetto110|agg+ind|T2,1,1.859034467,1,1.22190222,1.966855662,1.701527765,0.1982118042,5.923555512,4.922051865,2015
P1|tetto110|agg+ind|T3,1,1.751403738,1,1.200535533,1.62381105,1.645688735,0.2689645335,5.158147417,5.803163834,2015
P1|tetto110|agg|T1,1,1.987080357,1,1.457369135,2.032630469,2.129047682,0.2793575239,4.675097605,5.051606142,2015
P1|tetto110|agg|T2,1,1.828363276,1,1.424632999,2.019729021,1.649332135,0.1266546902,4.389639343,4.660816138,2015
P1|tetto110|agg|T3,1,1.849108243,1,1.424632999,2.019729021,1.649332135,0.1266546902,4.389639343,5.075715483,2015
P1|tetto110|ind|T1,1,2.287282288,1,1.174117268,1.644620691,3.865530852,0.4274265577,6.841920218,5.67432127,2015
P1|tetto110|ind|T2,1,2.279603141,1,1.202472813,1.842646637,3.662457455,0.3388243073,7.074205486,4.919662189,2015
P1|tetto110|ind|T3,1,2.172925986,1,1.190891953,1.65959997,3.581000875,0.3401923569,7.138796005,4.212383957,2015
P1|tetto110|nessuna|T1,1,4.529906624,1,1.717280427,2.059605722,12.78100068,2.407492945,4.67204835,7.325778636,2015
P1|tetto110|nessuna|T2,1,3.585176047,1,1.628671278,1.032715804,8.756579262,2.128889106,7.126229434,9.324873758,2015
P1|tetto110|nessuna|T3,1,3.588955906,1,1.628671278,1.032715804,8.756579262,2.128889106,7.126229434,9.40047093,2015
P2|inv1.0|m0.0|S0.0|T1,1,1.337392944,1,0.9578532353,0.8215239387,1.056904952,0.1076975293,5.894407357,5.734173605,2015
P2|inv1.0|m0.0|S0.0|T3,1,1.355888246,1,0.9524436696,0.829325486,1.056790048,0.1076514055,5.760123029,6.224563954,2015
P2|inv1.0|m1.0|S1.0|T1,1,0.8968000536,1,0.9469991636,0.8328963216,1.050381385,0.1050788947,1.47028634,1.37465849,2015
P2|inv1.0|m1.0|S1.0|T3,1,0.8967329213,1,0.9471433585,0.8324832504,1.050437729,0.1051015118,1.47028634,1.37465849,2015
P2|lx0.5|li0.1|T1,1,1.50040766,1,0.9804051975,0.8096996708,2.157198222,0.2445202681,5.908664063,4.241026507,2015
P2|lx0.5|li0.1|T3,1,1.552928571,1,0.9804051975,0.8096996708,2.157198222,0.2445202681,5.908664063,5.291444715,2015
P2|lx0.5|li0.5|T1,1,1.272762855,1,0.979030648,0.8139840464,1.419349952,0.1889377065,4.223204262,4.418689439,2015
P2|lx0.5|li0.5|T3,1,1.336732281,1,0.979030648,0.8139840464,1.419349953,0.1889377065,4.223204264,5.698077956,2015
P2|lx2.0|li0.1|T1,1,1.469199178,1,0.9505190653,0.8371026621,1.836513743,0.2203629101,5.630911725,5.240560674,2015
P2|lx2.0|li0.1|T3,1,1.499869616,1,0.9505190653,0.8371026621,1.836513743,0.2203629101,5.630911725,5.853969432,2015
P2|lx2.0|li0.5|T1,1,1.454199486,1,0.9576252612,0.8629598985,1.921453739,0.2267614919,4.462519868,5.558620957,2015
P2|lx2.0|li0.5|T3,1,1.468894226,1,0.957625261,0.8629598994,1.921453722,0.2267614907,4.462519878,5.852515799,2015
P2|uniformi|li0.5|T1,1,1.164175842,1,0.8618398796,0.5225046881,1.560559908,0.1995751388,3.60787478,4.728184738,2015
P3|q25,1,2.064836476,1,1.791128554,1.967218288,2.129047682,0.2793575239,5.999912443,3.671830246,2015
P3|q75,1,2.354852228,1,1.715569165,2.574912367,2.121195493,0.2647457139,8.476182594,3.863699374,2015
condizionata|P1|E6|agg|T1,1,2.07397782,1,1.650103655,2.329342121,1.757032225,0.2513333719,4.681461428,5.390624669,2015
persistenza,1,1,1,1,1,1,1,1,1,2015
trend_mobile,1,0.8411713198,1,0.7546120452,0.4180610383,1.671196337,0.3015854211,1.235318659,1.264113046,2015
ultimo_tasso,1,0.7310466185,1,0.5878300782,0.5155244599,1.091355322,0.184210076,1.773727916,1.493235784,2015
P0,1,0.6238005137,1,0.7981110808,0.4962856481,0.6525217829,0.139082024,1.13945736,0.6819213601,2016
P1|E6|agg+ind|T1,1,1.767684194,1,1.389534777,2.076455354,0.8920757516,0.1098861125,6.051583941,4.718083931,2016
P1|E6|agg+ind|T2,1,1.644540029,1,1.253704332,1.853437263,0.6628832153,0.1343243534,6.20981065,5.117958786,2016
P1|E6|agg+ind|T3,1,1.666836096,1,1.253704332,1.853437263,0.6628832153,0.1343243534,6.20981065,5.563880141,2016
P1|E6|agg|T1,1,2.422551508,1,1.777408759,3.545602599,1.020051802,0.0958291124,6.611693688,5.629402878,2016
P1|E6|agg|T2,1,2.067975998,1,1.68957973,2.655915798,0.526111393,0.2344989677,5.964610702,6.748492577,2016
P1|E6|agg|T3,1,1.889540951,1,1.595847721,2.714242999,0.5120513146,0.234936353,4.531593565,4.880603163,2016
P1|E6|ind|T1,1,1.838274755,1,1.399815616,2.093284436,1.140641053,0.2180680786,6.191192548,4.617001867,2016
P1|E6|ind|T2,1,1.882242116,1,1.265902708,1.885592963,1.24486462,0.237514433,6.443749911,6.837631032,2016
P1|E6|ind|T3,1,1.797286202,1,1.266355944,1.888291244,1.234165075,0.2362595043,6.429853795,5.178807813,2016
P1|E6|nessuna|T1,1,3.180318784,1,1.993727055,3.923130885,3.875232726,1.181907434,5.635073949,4.605408309,2016
P1|E6|nessuna|T2,1,4.52615996,1,2.636858109,1.821461896,10.92866377,2.009673913,8.650349862,7.388926413,2016
P1|E6|nessuna|T3,1,4.264213425,1,2.242760347,1.810560544,10.04060766,2.597096262,8.203633987,7.404086012,2016
P1|largo|agg+ind|T1,1,1.911789979,1,1.524872911,2.20625399,0.8860042322,0.1059412338,7.076764053,5.016374723,2016
P1|largo|agg+ind|T2,1,1.734333979,1,1.351609521,1.932294339,0.6928456014,0.136157519,7.056479791,4.883079183,2016
P1|largo|agg+ind|T3,1,1.742702239,1,1.351609521,1.932294339,0.6928456015,0.136157519,7.056479791,5.050444379,2016
P1|largo|agg|T1,1,2.431785447,1,2.102497683,3.457420186,1.020051802,0.0958291124,6.144048268,4.860288033,2016
P1|largo|agg|T2,1,2.397589023,1,2.078101051,3.296287813,0.6454428609,0.2400739625,6.467718803,6.175809109,2016
P1|largo|agg|T3,1,2.321838384,1,2.078101051,3.296287813,0.645442861,0.2400739625,6.467718803,4.660796337,2016
P1|largo|ind|T1,1,1.902087898,1,1.525987159,2.203765219,1.111477092,0.1667856992,7.043787684,3.839976233,2016
P1|largo|ind|T2,1,1.852181199,1,1.356067458,1.931709555,1.24541079,0.2381379953,6.954240401,4.904802346,2016
P1|largo|ind|T3,1,1.856373435,1,1.356067458,1.931709555,1.245410789,0.2381379953,6.954240401,4.988647078,2016
P1|largo|nessuna|T1,1,3.833400641,1,2.472018815,3.96772243,5.887134851,1.654395979,5.471931224,5.700302768,2016
P1|largo|nessuna|T2,1,4.639319303,1,2.790523938,2.053201283,11.05657914,2.082173289,8.018603425,7.314768199,2016
P1|largo|nessuna|T3,1,3.95184478,1,2.232368873,2.107818838,8.439730685,2.428330324,6.597401021,7.78278493,2016
P1|stretto|agg+ind|T1,1,1.793840381,1,1.19016573,2.557544168,0.7982228315,0.1421576163,3.983401803,5.92993987,2016
P1|stretto|agg+ind|T2,1,1.753473967,1,1.153175419,2.360029813,0.6497619879,0.1386954218,4.940963901,6.172845261,2016
P1|stretto|agg+ind|T3,1,1.744600835,1,1.153175419,2.360029813,0.6497619879,0.1386954218,4.940963901,5.995382619,2016
P1|stretto|agg|T1,1,2.074193595,1,1.383967579,2.915344632,1.020051802,0.0958291124,5.969074122,5.447059074,2016
P1|stretto|agg|T2,1,1.971898823,1,1.499923326,2.898769704,0.2789138434,0.2117799772,5.110932433,6.395670508,2016
P1|stretto|agg|T3,1,1.927052062,1,1.499923326,2.898769704,0.2789138434,0.2117799772,5.110932433,5.498735301,2016
P1|stretto|ind|T1,1,1.888858722,1,1.17374313,2.553070005,1.205053153,0.2267059753,4.042921484,6.099749586,2016
P1|stretto|ind|T2,1,1.874608916,1,1.176911953,2.346322166,1.20587119,0.2313040442,5.172238081,5.894442677,2016
P1|stretto|ind|T3,1,1.87476076,1,1.176911953,2.346322166,1.20587119,0.2313040442,5.17223808,5.897479561,2016
P1|stretto|nessuna|T1,1,3.723717708,1,2.208536452,2.9640381,7.544483988,1.40661788,4.85623162,5.591503529,2016
P1|stretto|nessuna|T2,1,3.984932805,1,2.114601486,1.472344683,9.941020781,1.710706067,8.093353119,6.898130706,2016
P1|stretto|nessuna|T3,1,4.469296144,1,2.20173401,1.488741579,11.62326921,2.740121882,8.177038341,7.09271041,2016
P1|tetto100|agg+ind|T1,1,1.478991184,1,1.746308763,1.124531232,0.4117617318,0.140882228,2.26660878,8.159363537,2016
P1|tetto100|agg+ind|T2,1,1.470918348,1,1.741617227,1.124863848,0.3809143279,0.1387657482,2.260157933,8.158133772,2016
P1|tetto100|agg+ind|T3,1,1.470918348,1,1.741617227,1.124863848,0.3809143279,0.1387657482,2.260157933,8.158133772,2016
P1|tetto100|agg|T1,1,2.143430956,1,2.448539973,1.129998323,1.754978556,0.3662631173,3.986456922,9.658491964,2016
P1|tetto100|agg|T2,1,1.367516435,1,1.488085017,1.112250997,0.1777836618,0.2333205122,4.095539698,6.474997252,2016
P1|tetto100|agg|T3,1,1.349630455,1,1.488085017,1.112250997,0.1777836618,0.2333205122,4.095539698,6.117277648,2016
P1|tetto100|ind|T1,1,1.557965003,1,1.712717241,1.125287826,0.7904194041,0.1819427919,2.55502255,8.05068391,2016
P1|tetto100|ind|T2,1,1.64690627,1,1.671517143,1.123709435,1.211933652,0.2286110498,2.955323144,7.906486092,2016
P1|tetto100|ind|T3,1,1.646921273,1,1.671294433,1.123687062,1.212115751,0.2286348051,2.957130643,7.905673236,2016
P1|tetto100|nessuna|T1,1,5.58911757,1,4.374818141,1.13110985,13.09140657,2.567189659,9.392423595,11.85435425,2016
P1|tetto100|nessuna|T2,1,3.605410935,1,1.790700953,1.117059444,9.731587972,1.627529785,7.487983627,4.992261237,2016
P1|tetto100|nessuna|T3,1,4.264146706,1,1.971114319,1.128956429,11.61184412,2.753880516,7.080625663,7.646746487,2016
P1|tetto110|agg+ind|T1,1,1.786172331,1,1.183908799,2.538432608,0.7849468581,0.1428772884,3.952939982,6.010916179,2016
P1|tetto110|agg+ind|T2,1,1.745612733,1,1.143069457,2.375367355,0.6256342044,0.1370418135,4.938430933,6.086582412,2016
P1|tetto110|agg+ind|T3,1,1.749147711,1,1.143069457,2.375367355,0.6256342044,0.1370418135,4.938430933,6.157281971,2016
P1|tetto110|agg|T1,1,2.074193595,1,1.383967579,2.915344632,1.020051802,0.0958291124,5.969074122,5.447059074,2016
P1|tetto110|agg|T2,1,1.964183232,1,1.501500374,2.898825427,0.2789330147,0.2117172985,5.11186543,6.230677736,2016
P1|tetto110|agg|T3,1,1.928334115,1,1.501500374,2.898825427,0.2789330147,0.2117172985,5.11186543,5.513695409,2016
P1|tetto110|ind|T1,1,1.842446473,1,1.212558354,2.554095279,1.074421425,0.2141641556,4.541207655,4.981785991,2016
P1|tetto110|ind|T2,1,1.865413871,1,1.186037324,2.352214423,1.183098948,0.2298967366,4.856957831,6.029619848,2016
P1|tetto110|ind|T3,1,1.860739656,1,1.176556943,2.346612219,1.18620664,0.2301714773,5.250838902,5.619769725,2016
P1|tetto110|nessuna|T1,1,3.727559771,1,2.208536452,2.9640381,7.544483988,1.40661788,4.85623162,5.668344785,2016
P1|tetto110|nessuna|T2,1,3.984932805,1,2.114601486,1.472344683,9.941020781,1.710706067,8.093353119,6.898130706,2016
P1|tetto110|nessuna|T3,1,4.514325734,1,2.216320778,1.491902131,11.73297422,2.747121998,8.110438715,7.50059762,2016
P2|inv1.0|m0.0|S0.0|T1,1,1.216672787,1,0.9173841622,1.111370217,0.6525219301,0.2801745523,3.39992013,5.59057251,2016
P2|inv1.0|m0.0|S0.0|T3,1,1.296599664,1,0.9193628053,1.112405558,0.6525219301,0.2801745523,4.375627959,6.195318322,2016
P2|inv1.0|m1.0|S1.0|T1,1,0.8525840433,1,0.9185849066,1.118234562,0.6525219301,0.2801745523,0.9954074592,0.6649197719,2016
P2|inv1.0|m1.0|S1.0|T3,1,0.853215171,1,0.9194716869,1.11945154,0.6525219301,0.2801745523,0.9954074592,0.6649197719,2016
P2|lx0.5|li0.1|T1,1,1.261991183,1,0.9143506169,1.099943546,1,0.1741996733,3.14275439,5.662904957,2016
P2|lx0.5|li0.1|T3,1,1.192646473,1,0.9114642488,1.1001655,1,0.1741996733,2.069509093,5.365242516,2016
P2|lx0.5|li0.5|T1,1,1.316080889,1,0.9143911822,1.09993747,1,0.1741996733,3.327357215,6.559889303,2016
P2|lx0.5|li0.5|T3,1,1.2626523,1,0.9114639613,1.100165483,1,0.1741996733,2.069517972,6.765352008,2016
P2|lx2.0|li0.1|T1,1,1.283260081,1,0.888548342,1.068786615,1,0.1741996733,3.497545818,6.075246705,2016
P2|lx2.0|li0.1|T3,1,1.167661189,1,0.8896542669,1.062633501,1,0.1741996733,2.070697843,5.220399984,2016
P2|lx2.0|li0.5|T1,1,1.319372873,1,0.888548342,1.068786615,1,0.1741996733,3.497545818,6.797502558,2016
P2|lx2.0|li0.5|T3,1,1.16253946,1,0.8896542669,1.062633501,1,0.1741996733,2.070697849,5.117965391,2016
P2|uniformi|li0.5|T1,1,1.141940345,1,0.7972773236,0.5604978629,1,0.1741996733,3.594721131,6.749035304,2016
P3|q25,1,2.217238249,1,1.871290292,2.850462305,1.020051802,0.0958291124,6.714296562,5.028087411,2016
P3|q75,1,2.467710804,1,1.794684505,3.910220955,0.9678063658,0.06798878543,6.014093787,5.103486505,2016
condizionata|P1|E6|agg|T1,1,2.205570416,1,1.435414402,3.445531838,1.020051802,0.09582911239,4.545046214,6.008819235,2016
persistenza,1,1,1,1,1,1,1,1,1,2016
trend_mobile,1,0.5537617247,1,0.7916472864,0.5049791879,0.1657283976,0.1283683408,1.400920414,0.9749049622,2016
ultimo_tasso,1,0.8415074584,1,0.9818344162,0.8079775223,0.8403737394,0.139082024,1.502902022,0.9487165094,2016
P0,1,0.4566087702,1,0.5231924747,0.5153913844,0.3221181515,0.1397038859,0.6142078244,0.718584046,2017
P1|E6|agg+ind|T1,1,1.476691634,1,1.173887286,1.688479349,0.7530973287,0.1080969169,4.480290601,4.650759125,2017
P1|E6|agg+ind|T2,1,1.650847944,1,1.226977661,2.058362439,0.6240704032,0.1172579892,5.63945164,4.934669052,2017
P1|E6|agg+ind|T3,1,1.641673,1,1.226977661,2.058362439,0.6240704032,0.1172579892,5.63945164,4.751170175,2017
P1|E6|agg|T1,1,2.217458293,1,1.58608635,3.316674782,1.28138861,0.1784985179,4.110282535,5.339765068,2017
P1|E6|agg|T2,1,1.891816653,1,1.463652218,2.958408307,0.5905598006,0.06682804671,3.84394634,4.964128285,2017
P1|E6|agg|T3,1,1.892680113,1,1.463652218,2.958408307,0.5905598006,0.06682804671,3.84394634,4.981397478,2017
P1|E6|ind|T1,1,1.483218853,1,1.177613253,1.693974796,0.7705927732,0.1099516715,4.476794433,4.6557799,2017
P1|E6|ind|T2,1,1.681598933,1,1.228995412,2.071373452,0.7477512267,0.1318055289,5.686910353,4.88823916,2017
P1|E6|ind|T3,1,1.665553027,1,1.228995412,2.071373452,0.7477512267,0.1318055289,5.686910353,4.567321039,2017
P1|E6|nessuna|T1,1,3.802261412,1,2.324742481,3.304233883,7.707658304,1.173560696,5.382191316,3.711424135,2017
P1|E6|nessuna|T2,1,4.527037832,1,1.753275515,1.165493769,12.86088998,2.37859732,12.48369153,4.343694868,2017
P1|E6|nessuna|T3,1,3.709758897,1,1.648323336,1.103636296,9.851228323,1.157500989,12.27606582,3.687439049,2017
P1|largo|agg+ind|T1,1,1.486922921,1,1.230660374,1.605486239,0.7223388071,0.1052810966,5.624512443,3.997148871,2017
P1|largo|agg+ind|T2,1,1.526238033,1,1.238992585,1.605853018,0.6305667355,0.1146457884,5.856435535,4.847692981,2017
P1|largo|agg+ind|T3,1,1.487039917,1,1.238992585,1.605853018,0.6305667355,0.1146457884,5.856435535,4.063730677,2017
P1|largo|agg|T1,1,2.223179002,1,1.748382329,3.398907684,1.140482284,0.1611908458,3.881412295,4.81411684,2017
P1|largo|agg|T2,1,2.049489489,1,1.640586971,3.286845876,0.6374518695,0.07596187371,4.005008991,4.718452481,2017
P1|largo|agg|T3,1,2.049489489,1,1.640586971,3.286845876,0.6374518695,0.07596187371,4.005008991,4.718452481,2017
P1|largo|ind|T1,1,1.49423592,1,1.232520822,1.620279548,0.7411247878,0.1079024629,5.603848681,3.983763426,2017
P1|largo|ind|T2,1,1.497982637,1,1.229563115,1.59596378,0.726819093,0.1258836815,5.825345452,4.022102191,2017
P1|largo|ind|T3,1,1.4936803,1,1.229563115,1.59596378,0.726819093,0.1258836815,5.825345452,3.936055456,2017
P1|largo|nessuna|T1,1,3.770531842,1,2.678558843,3.571128095,6.735614035,1.127528349,5.650382442,3.064619936,2017
P1|largo|nessuna|T2,1,4.407324496,1,1.743518316,1.165051363,12.61030184,2.348195626,11.9798567,3.57761653,2017
P1|largo|nessuna|T3,1,3.68150824,1,1.634522646,1.090052459,9.73623336,1.125625488,12.19471644,3.891813307,2017
P1|stretto|agg+ind|T1,1,1.507347947,1,1.041336916,1.941194651,0.675958336,0.09592013317,4.780602882,4.57549305,2017
P1|stretto|agg+ind|T2,1,1.548365473,1,1.038808854,1.986019525,0.6023146124,0.1147888487,4.943943305,5.23555973,2017
P1|stretto|agg+ind|T3,1,1.52847309,1,1.038808854,1.986019525,0.6023146124,0.1147888487,4.943943305,4.837712079,2017
P1|stretto|agg|T1,1,2.05357432,1,1.511630337,2.555131647,1.396938102,0.1926915835,4.854738614,5.8430403,2017
P1|stretto|agg|T2,1,1.832210242,1,1.466994344,2.455319279,0.4937950664,0.09021881664,4.991816937,5.962888271,2017
P1|stretto|agg|T3,1,1.832210242,1,1.466994344,2.455319279,0.4937950664,0.09021881664,4.991816937,5.962888271,2017
P1|stretto|ind|T1,1,1.519756094,1,1.04408377,1.938511709,0.7093187709,0.0994173992,4.789848892,4.67359024,2017
P1|stretto|ind|T2,1,1.591060132,1,1.0539239,2.00704895,0.8123729016,0.1385098714,5.038648879,4.890205319,2017
P1|stretto|ind|T3,1,1.555760269,1,1.0539239,2.00704895,0.8123729017,0.1385098714,5.038648879,4.184208046,2017
P1|stretto|nessuna|T1,1,3.437888089,1,2.437341086,2.765868764,7.207009377,1.48084891,1.579137705,4.169629636,2017
P1|stretto|nessuna|T2,1,4.234592168,1,1.708870626,1.131916978,12.05363861,2.274452098,11.52826444,3.355394642,2017
P1|stretto|nessuna|T3,1,3.743734726,1,1.652949429,1.106916998,9.897515113,1.180770839,12.29705517,4.066838655,2017
P1|tetto100|agg+ind|T1,1,1.084858051,1,0.9386627714,0.758763174,0.6324462318,0.1462594779,4.083373319,4.606928138,2017
P1|tetto100|agg+ind|T2,1,1.126827349,1,0.9549254735,0.7584196474,0.6202018909,0.1784268938,4.054925416,5.36388948,2017
P1|tetto100|agg+ind|T3,1,1.081788033,1,0.9552995415,0.7584239232,0.6201931667,0.178431142,4.041260535,4.474524387,2017
P1|tetto100|agg|T1,1,2.055704432,1,2.500152446,0.7200051671,1.879378143,0.2519502011,5.250732401,8.520997586,2017
P1|tetto100|agg|T2,1,1.324488564,1,1.769383593,0.7395075121,0.3704567792,0.1649046357,2.652163285,6.972624988,2017
P1|tetto100|agg|T3,1,1.324337119,1,1.768372872,0.7395072876,0.3704567792,0.1649046357,2.656751625,6.971073417,2017
P1|tetto100|ind|T1,1,1.049376641,1,0.9405267123,0.7587400268,0.6317533253,0.1462190671,4.02566964,3.946811301,2017
P1|tetto100|ind|T2,1,1.099896266,1,0.9327849045,0.7586423478,0.714642069,0.193842514,4.016501913,4.586606586,2017
P1|tetto100|ind|T3,1,1.130139522,1,0.9327849045,0.7586423478,0.714642069,0.193842514,4.016501913,5.191471708,2017
P1|tetto100|nessuna|T1,1,3.882848384,1,4.726157964,0.689470628,7.642715161,1.722035607,1.695370478,9.452893799,2017
P1|tetto100|nessuna|T2,1,4.407520092,1,1.592572317,0.80517001,13.10882328,2.358683364,13.36113273,3.25015532,2017
P1|tetto100|nessuna|T3,1,3.504007878,1,1.527383448,0.7972606828,9.608302001,1.131891404,11.95950448,3.475797474,2017
P1|tetto110|agg+ind|T1,1,1.501797883,1,1.038199546,1.928637759,0.6524766403,0.1178888239,4.799672361,4.589577262,2017
P1|tetto110|agg+ind|T2,1,1.552035202,1,1.038180245,1.986413594,0.6012056119,0.1449001721,4.926055513,5.272462696,2017
P1|tetto110|agg+ind|T3,1,1.530440377,1,1.038180245,1.986413594,0.6012056119,0.1449001721,4.926055513,4.840566211,2017
P1|tetto110|agg|T1,1,1.900873624,1,1.514600651,2.621968471,1.400103351,0.1930803744,1.797440105,5.414043484,2017
P1|tetto110|agg|T2,1,1.72309718,1,1.478542332,2.563159973,0.552861959,0.1027337407,2.463821204,5.330993253,2017
P1|tetto110|agg|T3,1,1.711141269,1,1.478542332,2.563159973,0.552861959,0.1027337407,2.463821204,5.091875027,2017
P1|tetto110|ind|T1,1,1.499663161,1,1.095926831,1.978624989,0.6618890352,0.1192651964,4.537848227,4.122017544,2017
P1|tetto110|ind|T2,1,1.570888267,1,1.046572868,1.981284943,0.7980229317,0.1673866321,4.954749353,4.769004131,2017
P1|tetto110|ind|T3,1,1.536964671,1,1.046572868,1.981284943,0.7980229317,0.1673866321,4.954749353,4.0905322,2017
P1|tetto110|nessuna|T1,1,3.437888089,1,2.437341086,2.765868764,7.207009377,1.48084891,1.579137705,4.169629636,2017
P1|tetto110|nessuna|T2,1,4.511471388,1,1.737919539,1.13902299,13.02068764,2.382965763,13.07386242,3.045228083,2017
P1|tetto110|nessuna|T3,1,3.760459098,1,1.652949429,1.106916998,9.897515113,1.180770839,12.29705517,4.401326106,2017
P2|inv1.0|m0.0|S0.0|T1,1,0.8276745096,1,0.6634934237,0.7647201925,0.3338268649,0.1382573789,1.384180564,4.988205714,2017
P2|inv1.0|m0.0|S0.0|T3,1,0.7710946658,1,0.6773344642,0.7637963387,0.2164204368,0.129983437,1.362058699,4.287401179,2017
P2|inv1.0|m1.0|S1.0|T1,1,0.5932527683,1,0.6548516453,0.7673692945,0.4415878134,0.1458515783,0.5591604227,0.7145148949,2017
P2|inv1.0|m1.0|S1.0|T3,1,0.5573862746,1,0.6722266993,0.7655971281,0.2457515609,0.132050479,0.5591604309,0.7145148949,2017
P2|lx0.5|li0.1|T1,1,1.020632709,1,0.6785213284,0.7637585721,1,0.2079820057,2.351899743,4.991111027,2017
P2|lx0.5|li0.1|T3,1,0.9504017329,1,0.6692788615,0.7640441521,1,0.2079820057,1.598612624,4.39351994,2017
P2|lx0.5|li0.5|T1,1,1.017140559,1,0.6785213284,0.7637585721,1,0.2079820057,2.351899743,4.921268017,2017
P2|lx0.5|li0.5|T3,1,0.9726231001,1,0.669278835,0.7640441536,1,0.2079820057,1.598614514,4.837945545,2017
P2|lx2.0|li0.1|T1,1,1.015512586,1,0.6657726841,0.7529401402,1,0.2079820057,2.398182783,4.983827986,2017
P2|lx2.0|li0.1|T3,1,0.9888863026,1,0.6641445212,0.7530139163,1,0.2079820057,1.946565058,4.912246357,2017
P2|lx2.0|li0.5|T1,1,1.015512586,1,0.6657726841,0.7529401402,1,0.2079820057,2.398182783,4.983827986,2017
P2|lx2.0|li0.5|T3,1,0.9847350875,1,0.6641445212,0.7530139163,1,0.2079820057,1.946565058,4.829222055,2017
P2|uniformi|li0.5|T1,1,1.106075774,1,0.9402662172,0.5893732112,1,0.2079820057,4.440562848,4.087152041,2017
P3|q25,1,2.220741773,1,1.622932985,3.010108017,1.732114653,0.2338616718,3.757998936,5.462408552,2017
P3|q75,1,2.110501166,1,1.555483833,3.395821248,0.9377612682,0.1064409126,3.419758238,5.118507699,2017
condizionata|P1|E6|agg|T1,1,2.039258504,1,1.500903077,3.287638582,1.054005202,0.1505687749,2.494507216,5.042254547,2017
persistenza,1,1,1,1,1,1,1,1,1,2017
trend_mobile,1,0.510090425,1,0.5912767132,0.5024299133,0.499304476,0.09298020511,0.5978539532,0.8585364743,2017
ultimo_tasso,1,0.506367567,1,0.609013884,0.5734168903,0.3085282745,0.1397038859,0.963124504,0.5561213193,2017
P0,1,0.660964756,1,0.7976925964,0.6357443109,0.5974513086,0.08858898572,1.313432772,0.7382576978,2018
P1|E6|agg+ind|T1,1,1.548939188,1,1.385898732,2.008626065,1.112644077,0.1120460161,4.936966643,1,2018
P1|E6|agg+ind|T2,1,1.548939188,1,1.385898732,2.008626065,1.112644077,0.1120460161,4.936966643,1,2018
P1|E6|agg+ind|T3,1,1.54896403,1,1.385335231,2.009329645,1.112638702,0.1120440726,4.936648384,1,2018
P1|E6|agg|T1,1,2.245842794,1,1.842769866,3.07844517,1.956886915,0.2006512128,6.160715566,1,2018
P1|E6|agg|T2,1,1.971840878,1,1.806005916,2.726948763,1.01368687,0.1089745737,6.966392845,1,2018
P1|E6|agg|T3,1,1.982268613,1,1.816759008,2.729725597,1.044562353,0.1201398208,6.947935566,1,2018
P1|E6|ind|T1,1,1.556700801,1,1.385378521,2.00932333,1.145972777,0.1180464542,4.945820901,1,2018
P1|E6|ind|T2,1,1.560449043,1,1.384793393,2.010066802,1.160526192,0.1230047753,4.951705366,1,2018
P1|E6|ind|T3,1,1.560449043,1,1.384793393,2.010066802,1.160526192,0.1230047753,4.951705366,1,2018
P1|E6|nessuna|T1,1,7.651801184,1,3.583933833,3.426520389,22.61495351,2.096298727,15.32088685,1,2018
P1|E6|nessuna|T2,1,7.601434882,1,2.670895102,1.416054401,25.91676652,3.581581283,15.67677196,1,2018
P1|E6|nessuna|T3,1,6.716948827,1,2.637754931,1.605868057,21.9210657,2.008922726,16.17513034,1,2018
P1|largo|agg+ind|T1,1,1.437830027,1,1.417119413,1.655776103,1.114853134,0.1128448594,4.634125178,1,2018
P1|largo|agg+ind|T2,1,1.468496505,1,1.352431424,1.664493989,1.116256403,0.113352312,5.576647384,1,2018
P1|largo|agg+ind|T3,1,1.423343209,1,1.367918186,1.699818986,1.114282886,0.1126386452,4.378032323,1,2018
P1|largo|agg|T1,1,2.419183408,1,2.194299119,3.202645769,1.956886915,0.2006512128,6.773148742,1,2018
P1|largo|agg|T2,1,1.957150052,1,1.692133183,2.601341262,1.044562353,0.1201398208,7.963625328,1,2018
P1|largo|agg|T3,1,1.940190778,1,1.709083886,2.605762557,1.044562353,0.1201398208,7.496207851,1,2018
P1|largo|ind|T1,1,1.406969997,1,1.370323937,1.640646509,1.144051943,0.117351839,4.262665808,1,2018
P1|largo|ind|T2,1,1.453537628,1,1.41257819,1.597502745,1.162085152,0.1234892093,5.114947923,1,2018
P1|largo|ind|T3,1,1.410481713,1,1.369844374,1.639350602,1.16187082,0.1234226073,4.260135903,1,2018
P1|largo|nessuna|T1,1,7.714040084,1,3.681715649,3.660783242,22.33480271,2.063102699,15.76039208,1,2018
P1|largo|nessuna|T2,1,7.766827603,1,2.778117862,1.544559029,26.39583328,3.604730414,15.60769676,1,2018
P1|largo|nessuna|T3,1,6.843450885,1,2.729220031,1.720703782,22.23864352,2.023160346,16.16858006,1,2018
P1|stretto|agg+ind|T1,1,1.405183731,1,1.17948791,1.754728664,1.113294039,0.1122810567,4.820636911,1,2018
P1|stretto|agg+ind|T2,1,1.40526087,1,1.17960031,1.754588103,1.113289982,0.1122795894,4.822367831,1,2018
P1|stretto|agg+ind|T3,1,1.40526087,1,1.17960031,1.754588103,1.113289982,0.1122795894,4.822367831,1,2018
P1|stretto|agg|T1,1,1.937893775,1,1.50071686,2.383526118,1.956886915,0.2006512128,6.223567551,1,2018
P1|stretto|agg|T2,1,1.718025065,1,1.428776271,2.324427712,1.090101838,0.1316611461,6.217547761,1,2018
P1|stretto|agg|T3,1,1.718025065,1,1.428776271,2.324427712,1.090101838,0.1316611461,6.217547761,1,2018
P1|stretto|ind|T1,1,1.413673636,1,1.175824911,1.751458481,1.160965203,0.1231411944,4.819629173,1,2018
P1|stretto|ind|T2,1,1.41375129,1,1.175937673,1.751318243,1.16096237,0.1231403139,4.821360193,1,2018
P1|stretto|ind|T3,1,1.41375129,1,1.175937673,1.751318243,1.16096237,0.1231403139,4.821360193,1,2018
P1|stretto|nessuna|T1,1,8.0197241,1,3.57609108,2.724121435,25.25728193,2.263814183,16.03645081,1,2018
P1|stretto|nessuna|T2,1,7.701836743,1,2.626214595,1.54178563,26.28486012,3.601122632,15.68704776,1,2018
P1|stretto|nessuna|T3,1,6.763034654,1,2.554408504,1.572067074,22.41275213,2.042841595,15.76514789,1,2018
P1|tetto100|agg+ind|T1,1,0.9250783337,1,0.9086181366,0.5309823176,1.116534115,0.1085059938,4.180815502,1,2018
P1|tetto100|agg+ind|T2,1,0.9250783337,1,0.9086181366,0.5309823176,1.116534115,0.1085059938,4.180815502,1,2018
P1|tetto100|agg+ind|T3,1,0.9250783337,1,0.9086181366,0.5309823176,1.116534115,0.1085059938,4.180815502,1,2018
P1|tetto100|agg|T1,1,1.363848504,1,1.399194372,0.5274026024,1.956886915,0.2006512128,6.488538152,1,2018
P1|tetto100|agg|T2,1,1.144008112,1,1.130097341,0.5209034995,1.105025963,0.1370580348,7.279937274,1,2018
P1|tetto100|agg|T3,1,1.144008112,1,1.130097341,0.5209034995,1.105025963,0.1370580348,7.279937274,1,2018
P1|tetto100|ind|T1,1,0.9313201314,1,0.907837255,0.531049392,1.14393505,0.1178492153,4.181644113,1,2018
P1|tetto100|ind|T2,1,0.9313201314,1,0.907837255,0.531049392,1.14393505,0.1178492153,4.181644113,1,2018
P1|tetto100|ind|T3,1,0.9313201314,1,0.907837255,0.531049392,1.14393505,0.1178492153,4.181644113,1,2018
P1|tetto100|nessuna|T1,1,5.872180699,1,3.178017093,0.5468315967,19.6801666,1.823779004,11.72629745,1,2018
P1|tetto100|nessuna|T2,1,6.949903095,1,2.182030306,0.5432379263,24.8944122,3.541884018,14.98503568,1,2018
P1|tetto100|nessuna|T3,1,6.030550777,1,2.154922036,0.5452552625,21.11527342,1.976507758,14.99584257,1,2018
P1|tetto110|agg+ind|T1,1,1.433980757,1,1.230902402,1.805544394,1.11340312,0.1123205026,4.782680877,1,2018
P1|tetto110|agg+ind|T2,1,1.428204708,1,1.216697499,1.798370713,1.113288394,0.1122790152,4.795973285,1,2018
P1|tetto110|agg+ind|T3,1,1.428204708,1,1.216697499,1.798370713,1.113288394,0.1122790152,4.795973285,1,2018
P1|tetto110|agg|T1,1,1.982819674,1,1.531425536,2.504289348,1.956886915,0.2006512128,6.213254096,1,2018
P1|tetto110|agg|T2,1,1.718025065,1,1.428776271,2.324427712,1.090101838,0.1316611461,6.217547761,1,2018
P1|tetto110|agg|T3,1,1.718025065,1,1.428776271,2.324427712,1.090101838,0.1316611461,6.217547761,1,2018
P1|tetto110|ind|T1,1,1.442567711,1,1.227555839,1.802380704,1.161044195,0.1231657404,4.781226693,1,2018
P1|tetto110|ind|T2,1,1.436660665,1,1.212798043,1.79450678,1.160961996,0.1231401979,4.799255987,1,2018
P1|tetto110|ind|T3,1,1.442927405,1,1.228653919,1.803375775,1.161049248,0.1231673106,4.775838315,1,2018
P1|tetto110|nessuna|T1,1,8.0197241,1,3.57609108,2.724121435,25.25728193,2.263814183,16.03645081,1,2018
P1|tetto110|nessuna|T2,1,7.39459395,1,2.517038984,1.290530774,25.28634043,3.549745102,15.80160854,1,2018
P1|tetto110|nessuna|T3,1,6.582605677,1,2.538312993,1.50828741,21.55049481,1.991374156,16.18778355,1,2018
P2|inv1.0|m0.0|S0.0|T1,1,0.8517626569,1,0.808089578,0.5485859817,1,0.07312259003,3.748954601,1,2018
P2|inv1.0|m0.0|S0.0|T3,1,0.8517591307,1,0.808089578,0.5485859817,1,0.07312259003,3.748884075,1,2018
P2|inv1.0|m1.0|S1.0|T1,1,0.7369727492,1,0.8068341926,0.5921385161,1,0.07312259003,1.439137942,0.7602356088,2018
P2|inv1.0|m1.0|S1.0|T3,1,0.7369727492,1,0.8068341926,0.5921385161,1,0.07312259003,1.439137942,0.7602356088,2018
P2|lx0.5|li0.1|T1,1,0.8233961429,1,0.8084598652,0.5486239233,1,0.07312259003,3.179174946,1,2018
P2|lx0.5|li0.1|T3,1,0.7859639639,1,0.8084595368,0.5486239538,1,0.07312259002,2.430533155,1,2018
P2|lx0.5|li0.5|T1,1,0.8252614277,1,0.8084599077,0.5486239197,1,0.07312259003,3.21648041,1,2018
P2|lx0.5|li0.5|T3,1,0.8213524139,1,0.808459873,0.5486239228,1,0.07312259003,3.138300323,1,2018
P2|lx2.0|li0.1|T1,1,0.8007057674,1,0.7875501356,0.5381241092,1,0.07312259003,2.913824698,1,2018
P2|lx2.0|li0.1|T3,1,0.8002836224,1,0.7875501355,0.5381241093,1,0.07312259003,2.9053818,1,2018
P2|lx2.0|li0.5|T1,1,0.8007057674,1,0.7875501356,0.5381241092,1,0.07312259003,2.913824698,1,2018
P2|lx2.0|li0.5|T3,1,0.8002836224,1,0.7875501355,0.5381241093,1,0.07312259003,2.9053818,1,2018
P2|uniformi|li0.5|T1,1,0.9975751042,1,0.9511513278,0.817053738,1,0.07312259003,4.196026508,1,2018
P3|q25,1,2.242461371,1,1.835614598,2.76101111,2.439082877,0.2367032192,6.039735227,1,2018
P3|q75,1,2.12423615,1,1.827951199,3.018688869,1.329534204,0.1320861401,6.822573487,1,2018
condizionata|P1|E6|agg|T1,1,2.051814274,1,1.488163227,2.792268538,2.363698553,0.2274299222,4.444040836,1,2018
persistenza,1,1,1,1,1,1,1,1,1,2018
trend_mobile,1,0.6961760931,1,0.8161118106,0.7426218674,0.5577325767,0.1388418234,1.275281005,0.7872248344,2018
ultimo_tasso,1,0.7174600101,1,0.7945475573,0.6316282486,0.7711249423,0.08858898572,1.523643244,1.006824383,2018
