anno,industria,tipo,I
2010,111CA,E,25.35785525
2010,111CA,S,0
2010,111CA,N,0
2010,113FF,E,0
2010,113FF,S,0
2010,113FF,N,0
2010,211,E,0
2010,211,S,139.8185753
2010,211,N,297.1916747
2010,212,E,0
2010,212,S,0
2010,212,N,0.8659355344
2010,213,E,70.12311472
2010,213,S,0
2010,213,N,0
2010,22,E,160.353067
2010,22,S,0
2010,22,N,0
2010,23,E,0
2010,23,S,0
2010,23,N,0
2010,311FT,E,0
2010,311FT,S,0
2010,311FT,N,0
2010,313TT,E,0
2010,313TT,S,0
2010,313TT,N,0
2010,315AL,E,0
2010,315AL,S,0
2010,315AL,N,0
2010,321,E,0
2010,321,S,0
2010,321,N,0
2010,322,E,0
2010,322,S,0
2010,322,N,0
2010,323,E,0
2010,323,S,0
2010,323,N,0
2010,324,E,32.22364713
2010,324,S,0
2010,324,N,0
2010,325,E,0
2010,325,S,0
2010,325,N,102.6895848
2010,326,E,0
2010,326,S,0
2010,326,N,0
2010,327,E,0
2010,327,S,0
2010,327,N,0
2010,331,E,0
2010,331,S,0
2010,331,N,0
2010,332,E,0
2010,332,S,0
2010,332,N,0
2010,333,E,0
2010,333,S,0
2010,333,N,0
2010,334,E,0
2010,334,S,0
2010,334,N,0
2010,335,E,0
2010,335,S,0
2010,335,N,0
2010,3361MV,E,0
2010,3361MV,S,0
2010,3361MV,N,0
2010,3364OT,E,0
2010,3364OT,S,0
2010,3364OT,N,0
2010,337,E,0
2010,337,S,0
2010,337,N,0
2010,339,E,0
2010,339,S,0
2010,339,N,0
2010,42,E,0
2010,42,S,50.24787927
2010,42,N,0
2010,441,E,0
2010,441,S,0
2010,441,N,0
2010,445,E,0
2010,445,S,0
2010,445,N,0
2010,452,E,0
2010,452,S,0
2010,452,N,5.421621183
2010,481,E,181.2175397
2010,481,S,0
2010,481,N,0
2010,482,E,6.975400883
2010,482,S,0
2010,482,N,0
2010,483,E,1.142082566
2010,483,S,0
2010,483,N,0
2010,484,E,3.773874702
2010,484,S,0
2010,484,N,0
2010,485,E,0
2010,485,S,0
2010,485,N,0
2010,486,E,9.794566051
2010,486,S,0
2010,486,N,0
2010,487OS,E,0
2010,487OS,S,0
2010,487OS,N,0
2010,493,E,0
2010,493,S,8.3691152
2010,493,N,0
2010,4A0,E,0
2010,4A0,S,0
2010,4A0,N,0
2010,511,E,0
2010,511,S,0
2010,511,N,0
2010,512,E,3.709491988
2010,512,S,0
2010,512,N,79.33862722
2010,513,E,168.4571065
2010,513,S,0
2010,513,N,0
2010,514,E,0
2010,514,S,87.36273656
2010,514,N,0
2010,521CI,E,0
2010,521CI,S,130.6575873
2010,521CI,N,0
2010,523,E,0
2010,523,S,0
2010,523,N,6.012460399
2010,524,E,0
2010,524,S,42.12273694
2010,524,N,0
2010,525,E,0
2010,525,S,0
2010,525,N,0
2010,532RL,E,8.436130065
2010,532RL,S,0
2010,532RL,N,0
2010,5411,E,0
2010,5411,S,1.396737069
2010,5411,N,0
2010,5412OP,E,0
2010,5412OP,S,14.66042576
2010,5412OP,N,0
2010,5415,E,0
2010,5415,S,0
2010,5415,N,0
2010,55,E,0
2010,55,S,0
2010,55,N,5.507865434
2010,561,E,0
2010,561,S,8.149160825
2010,561,N,0
2010,562,E,0
2010,562,S,0
2010,562,N,0
2010,61,E,0
2010,61,S,0
2010,61,N,15.18556013
2010,621,E,18.95624453
2010,621,S,0
2010,621,N,0
2010,622,E,0
2010,622,S,0
2010,622,N,25.46334577
2010,623,E,0
2010,623,S,0
2010,623,N,0.7583528052
2010,624,E,0
2010,624,S,0
2010,624,N,0.3012291725
2010,711AS,E,0
2010,711AS,S,0
2010,711AS,N,6.000416323
2010,713,E,0
2010,713,S,0
2010,713,N,0
2010,721,E,0
2010,721,S,0
2010,721,N,0
2010,722,E,0
2010,722,S,7.739513912
2010,722,N,0
2010,81,E,0
2010,81,S,0
2010,81,N,0
2010,ORE,E,0
2010,ORE,S,0
2010,ORE,N,0
2010,HS,R,414.9170341
2011,111CA,E,54.27883804
2011,111CA,S,0
2011,111CA,N,0
2011,113FF,E,1.063148804
2011,113FF,S,0
2011,113FF,N,0
2011,211,E,0
2011,211,S,264.1755824
2011,211,N,0
2011,212,E,0
2011,212,S,0
2011,212,N,0
2011,213,E,0
2011,213,S,0
2011,213,N,0
2011,22,E,157.9433055
2011,22,S,0
2011,22,N,0
2011,23,E,0
2011,23,S,0
2011,23,N,0
2011,311FT,E,0
2011,311FT,S,0
2011,311FT,N,0
2011,313TT,E,0
2011,313TT,S,0
2011,313TT,N,0
2011,315AL,E,0
2011,315AL,S,0
2011,315AL,N,0
2011,321,E,0
2011,321,S,0
2011,321,N,0
2011,322,E,2.307710007
2011,322,S,0
2011,322,N,0
2011,323,E,0
2011,323,S,0
2011,323,N,0
2011,324,E,17.46394247
2011,324,S,0
2011,324,N,0
2011,325,E,0
2011,325,S,0
2011,325,N,202.3754606
2011,326,E,0
2011,326,S,0
2011,326,N,0
2011,327,E,0
2011,327,S,0
2011,327,N,0
2011,331,E,0
2011,331,S,0
2011,331,N,0
2011,332,E,2.418963868
2011,332,S,0
2011,332,N,0
2011,333,E,12.48771718
2011,333,S,0
2011,333,N,0
2011,334,E,61.64675582
2011,334,S,0
2011,334,N,0
2011,335,E,0
2011,335,S,0
2011,335,N,0
2011,3361MV,E,0
2011,3361MV,S,0
2011,3361MV,N,0
2011,3364OT,E,21.0680688
2011,3364OT,S,0
2011,3364OT,N,0
2011,337,E,0
2011,337,S,0
2011,337,N,0
2011,339,E,0
2011,339,S,0
2011,339,N,0
2011,42,E,0
2011,42,S,66.0375935
2011,42,N,0
2011,441,E,0
2011,441,S,0
2011,441,N,0
2011,445,E,0
2011,445,S,0
2011,445,N,0
2011,452,E,0
2011,452,S,0
2011,452,N,3.03944685
2011,481,E,0
2011,481,S,0
2011,481,N,0
2011,482,E,11.2021332
2011,482,S,0
2011,482,N,0
2011,483,E,33.69873272
2011,483,S,0
2011,483,N,0
2011,484,E,20.13988306
2011,484,S,0
2011,484,N,0
2011,485,E,0
2011,485,S,0
2011,485,N,0
2011,486,E,9.901608767
2011,486,S,0
2011,486,N,0
2011,487OS,E,4.037100945
2011,487OS,S,0
2011,487OS,N,0
2011,493,E,0
2011,493,S,0
2011,493,N,0
2011,4A0,E,37.65807178
2011,4A0,S,0
2011,4A0,N,0
2011,511,E,0
2011,511,S,0
2011,511,N,19.83874096
2011,512,E,0
2011,512,S,0
2011,512,N,105.0294033
2011,513,E,61.81658367
2011,513,S,0
2011,513,N,37.84467891
2011,514,E,0
2011,514,S,0
2011,514,N,0
2011,521CI,E,67.00823308
2011,521CI,S,24.65136333
2011,521CI,N,0
2011,523,E,0
2011,523,S,0
2011,523,N,12.55431626
2011,524,E,0
2011,524,S,58.30244858
2011,524,N,0
2011,525,E,0
2011,525,S,0
2011,525,N,0
2011,532RL,E,64.935494
2011,532RL,S,0
2011,532RL,N,0
2011,5411,E,0
2011,5411,S,5.835036735
2011,5411,N,0
2011,5412OP,E,0
2011,5412OP,S,0
2011,5412OP,N,48.41062898
2011,5415,E,0
2011,5415,S,24.84515038
2011,5415,N,0
2011,55,E,48.04012977
2011,55,S,0
2011,55,N,0
2011,561,E,0
2011,561,S,45.12826117
2011,561,N,0
2011,562,E,2.41545029
2011,562,S,0
2011,562,N,0
2011,61,E,0
2011,61,S,0
2011,61,N,13.19362579
2011,621,E,31.87015982
2011,621,S,0
2011,621,N,0
2011,622,E,0
2011,622,S,0
2011,622,N,36.72805319
2011,623,E,0
2011,623,S,0
2011,623,N,3.085346574
2011,624,E,0
2011,624,S,0
2011,624,N,1.239104146
2011,711AS,E,0
2011,711AS,S,0
2011,711AS,N,21.3925461
2011,713,E,0
2011,713,S,0
2011,713,N,0
2011,721,E,0
2011,721,S,0
2011,721,N,0
2011,722,E,0
2011,722,S,24.90733997
2011,722,N,0
2011,81,E,0
2011,81,S,0
2011,81,N,11.33497045
2011,ORE,E,0
2011,ORE,S,0
2011,ORE,N,0
2011,HS,R,434.6749881
2012,111CA,E,42.62264175
2012,111CA,S,0
2012,111CA,N,0
2012,113FF,E,6.164137335
2012,113FF,S,0
2012,113FF,N,0
2012,211,E,0
2012,211,S,196.8398378
2012,211,N,0
2012,212,E,0
2012,212,S,0
2012,212,N,0
2012,213,E,0
2012,213,S,0
2012,213,N,0
2012,22,E,63.83830688
2012,22,S,0
2012,22,N,0
2012,23,E,37.77042184
2012,23,S,0
2012,23,N,0
2012,311FT,E,36.48257971
2012,311FT,S,0
2012,311FT,N,0
2012,313TT,E,0
2012,313TT,S,0
2012,313TT,N,0
2012,315AL,E,0
2012,315AL,S,0
2012,315AL,N,0
2012,321,E,0
2012,321,S,0
2012,321,N,0
2012,322,E,12.76463173
2012,322,S,0
2012,322,N,0
2012,323,E,0
2012,323,S,0
2012,323,N,0
2012,324,E,38.93287584
2012,324,S,0
2012,324,N,0
2012,325,E,0
2012,325,S,0
2012,325,N,39.18438481
2012,326,E,9.083349441
2012,326,S,0
2012,326,N,0
2012,327,E,0
2012,327,S,0
2012,327,N,0
2012,331,E,5.030878752
2012,331,S,0
2012,331,N,0
2012,332,E,14.41239872
2012,332,S,0
2012,332,N,0
2012,333,E,7.446996692
2012,333,S,0
2012,333,N,0
2012,334,E,94.040178
2012,334,S,0
2012,334,N,0
2012,335,E,1.539234277
2012,335,S,0
2012,335,N,0
2012,3361MV,E,33.59978894
2012,3361MV,S,0
2012,3361MV,N,0
2012,3364OT,E,14.34909008
2012,3364OT,S,0
2012,3364OT,N,0
2012,337,E,0
2012,337,S,0
2012,337,N,0
2012,339,E,0
2012,339,S,0
2012,339,N,15.47269857
2012,42,E,0
2012,42,S,72.0361079
2012,42,N,0
2012,441,E,0
2012,441,S,0
2012,441,N,0
2012,445,E,9.911422691
2012,445,S,0
2012,445,N,0
2012,452,E,0
2012,452,S,0
2012,452,N,8.208930416
2012,481,E,0
2012,481,S,0
2012,481,N,0
2012,482,E,30.22930344
2012,482,S,0
2012,482,N,0
2012,483,E,0
2012,483,S,0
2012,483,N,0
2012,484,E,19.87499603
2012,484,S,0
2012,484,N,0
2012,485,E,6.425920209
2012,485,S,0
2012,485,N,0
2012,486,E,14.67072994
2012,486,S,0
2012,486,N,0
2012,487OS,E,8.566979118
2012,487OS,S,0
2012,487OS,N,0
2012,493,E,0
2012,493,S,0
2012,493,N,0
2012,4A0,E,51.36550683
2012,4A0,S,0
2012,4A0,N,0
2012,511,E,0
2012,511,S,0
2012,511,N,44.96882005
2012,512,E,0
2012,512,S,0
2012,512,N,136.3188372
2012,513,E,0
2012,513,S,0
2012,513,N,94.57348775
2012,514,E,0
2012,514,S,35.29211679
2012,514,N,0
2012,521CI,E,18.06773708
2012,521CI,S,120.2824056
2012,521CI,N,0
2012,523,E,0
2012,523,S,0
2012,523,N,12.88970525
2012,524,E,0
2012,524,S,25.98407287
2012,524,N,0
2012,525,E,0.2834623438
2012,525,S,1.600870532
2012,525,N,0
2012,532RL,E,76.23732152
2012,532RL,S,0
2012,532RL,N,0
2012,5411,E,0
2012,5411,S,3.406562573
2012,5411,N,0
2012,5412OP,E,0
2012,5412OP,S,0
2012,5412OP,N,51.57858564
2012,5415,E,0
2012,5415,S,27.77857443
2012,5415,N,0
2012,55,E,36.64870724
2012,55,S,0
2012,55,N,0
2012,561,E,0
2012,561,S,33.76047322
2012,561,N,0
2012,562,E,4.460738365
2012,562,S,0
2012,562,N,0
2012,61,E,0
2012,61,S,0
2012,61,N,16.87845014
2012,621,E,25.04806852
2012,621,S,0
2012,621,N,0
2012,622,E,36.41553883
2012,622,S,0
2012,622,N,20.74873154
2012,623,E,0
2012,623,S,0
2012,623,N,3.50541409
2012,624,E,0
2012,624,S,0
2012,624,N,1.553248884
2012,711AS,E,0
2012,711AS,S,0
2012,711AS,N,18.37851772
2012,713,E,0
2012,713,S,0
2012,713,N,3.163080782
2012,721,E,0
2012,721,S,0
2012,721,N,2.082293558
2012,722,E,0
2012,722,S,20.26006231
2012,722,N,0
2012,81,E,0
2012,81,S,0
2012,81,N,17.89078453
2012,ORE,E,0
2012,ORE,S,0
2012,ORE,N,0
2012,HS,R,450.3257774
2013,111CA,E,56.60097452
2013,111CA,S,0
2013,111CA,N,0
2013,113FF,E,8.701588275
2013,113FF,S,0
2013,113FF,N,0
2013,211,E,0
2013,211,S,152.5623151
2013,211,N,0
2013,212,E,0
2013,212,S,4.390843808
2013,212,N,0
2013,213,E,0
2013,213,S,0
2013,213,N,0
2013,22,E,0
2013,22,S,0
2013,22,N,0
2013,23,E,46.4283329
2013,23,S,0
2013,23,N,0
2013,311FT,E,24.20118868
2013,311FT,S,0
2013,311FT,N,0
2013,313TT,E,0
2013,313TT,S,0
2013,313TT,N,0
2013,315AL,E,0
2013,315AL,S,0
2013,315AL,N,0
2013,321,E,1.443014628
2013,321,S,0
2013,321,N,0
2013,322,E,9.336733342
2013,322,S,0
2013,322,N,0
2013,323,E,0
2013,323,S,0
2013,323,N,0
2013,324,E,14.94443898
2013,324,S,0
2013,324,N,0
2013,325,E,0
2013,325,S,0
2013,325,N,24.07662061
2013,326,E,11.2344198
2013,326,S,0
2013,326,N,0
2013,327,E,0
2013,327,S,0
2013,327,N,0
2013,331,E,0
2013,331,S,0
2013,331,N,0
2013,332,E,19.83420562
2013,332,S,0
2013,332,N,0
2013,333,E,3.250366053
2013,333,S,0
2013,333,N,0
2013,334,E,81.18710421
2013,334,S,0
2013,334,N,0
2013,335,E,6.651832815
2013,335,S,0
2013,335,N,0
2013,3361MV,E,25.2062492
2013,3361MV,S,0
2013,3361MV,N,0
2013,3364OT,E,18.47459724
2013,3364OT,S,0
2013,3364OT,N,0
2013,337,E,0
2013,337,S,0
2013,337,N,0.7625253845
2013,339,E,0
2013,339,S,0
2013,339,N,10.20473148
2013,42,E,0
2013,42,S,89.76783454
2013,42,N,0
2013,441,E,0
2013,441,S,0
2013,441,N,0
2013,445,E,12.41521796
2013,445,S,0
2013,445,N,0
2013,452,E,0
2013,452,S,0
2013,452,N,10.14559875
2013,481,E,0
2013,481,S,0
2013,481,N,0
2013,482,E,0
2013,482,S,0
2013,482,N,0
2013,483,E,0
2013,483,S,0
2013,483,N,0
2013,484,E,23.66348881
2013,484,S,0
2013,484,N,0
2013,485,E,0
2013,485,S,0
2013,485,N,0
2013,486,E,15.13956256
2013,486,S,0
2013,486,N,0
2013,487OS,E,11.14799239
2013,487OS,S,0
2013,487OS,N,0
2013,493,E,0
2013,493,S,1.22370694
2013,493,N,0
2013,4A0,E,50.83892144
2013,4A0,S,0
2013,4A0,N,0
2013,511,E,0
2013,511,S,0
2013,511,N,41.52045422
2013,512,E,0
2013,512,S,0
2013,512,N,202.778668
2013,513,E,36.64803104
2013,513,S,0
2013,513,N,110.4059819
2013,514,E,0
2013,514,S,32.02624211
2013,514,N,0
2013,521CI,E,0
2013,521CI,S,156.6874831
2013,521CI,N,0
2013,523,E,0
2013,523,S,0
2013,523,N,13.54260163
2013,524,E,0
2013,524,S,30.25179429
2013,524,N,0
2013,525,E,0
2013,525,S,2.502820145
2013,525,N,0
2013,532RL,E,83.40946092
2013,532RL,S,0
2013,532RL,N,0
2013,5411,E,0
2013,5411,S,3.767705046
2013,5411,N,0
2013,5412OP,E,73.31785512
2013,5412OP,S,0
2013,5412OP,N,0
2013,5415,E,0
2013,5415,S,23.677824
2013,5415,N,0
2013,55,E,39.10694747
2013,55,S,0
2013,55,N,0
2013,561,E,0
2013,561,S,40.07096752
2013,561,N,0
2013,562,E,6.268730801
2013,562,S,0
2013,562,N,0
2013,61,E,0
2013,61,S,0
2013,61,N,18.31713684
2013,621,E,32.74490238
2013,621,S,0
2013,621,N,0
2013,622,E,76.96969552
2013,622,S,0
2013,622,N,0
2013,623,E,0
2013,623,S,0
2013,623,N,4.203526093
2013,624,E,0
2013,624,S,0
2013,624,N,2.098117317
2013,711AS,E,0
2013,711AS,S,0
2013,711AS,N,35.38057481
2013,713,E,0
2013,713,S,0
2013,713,N,5.137391017
2013,721,E,0
2013,721,S,0
2013,721,N,9.88199872
2013,722,E,0
2013,722,S,23.66985548
2013,722,N,0
2013,81,E,0
2013,81,S,0
2013,81,N,27.61039543
2013,ORE,E,0
2013,ORE,S,0
2013,ORE,N,0
2013,HS,R,440.7895855
2014,111CA,E,40.73558624
2014,111CA,S,0
2014,111CA,N,0
2014,113FF,E,4.678658622
2014,113FF,S,0
2014,113FF,N,0
2014,211,E,0
2014,211,S,79.32503733
2014,211,N,0
2014,212,E,0
2014,212,S,26.95408705
2014,212,N,0
2014,213,E,0
2014,213,S,0
2014,213,N,0
2014,22,E,0
2014,22,S,0
2014,22,N,0
2014,23,E,0
2014,23,S,90.67161053
2014,23,N,0
2014,311FT,E,31.49746097
2014,311FT,S,0
2014,311FT,N,0
2014,313TT,E,0
2014,313TT,S,0
2014,313TT,N,0
2014,315AL,E,0
2014,315AL,S,0
2014,315AL,N,0
2014,321,E,4.113146786
2014,321,S,0
2014,321,N,0
2014,322,E,8.953791617
2014,322,S,0
2014,322,N,0
2014,323,E,2.711643678
2014,323,S,0
2014,323,N,0
2014,324,E,0
2014,324,S,0
2014,324,N,0
2014,325,E,0
2014,325,S,0
2014,325,N,0
2014,326,E,0
2014,326,S,0
2014,326,N,9.54049714
2014,327,E,0
2014,327,S,0
2014,327,N,5.624617915
2014,331,E,0
2014,331,S,0
2014,331,N,0
2014,332,E,8.607537444
2014,332,S,0
2014,332,N,0
2014,333,E,16.86277219
2014,333,S,0
2014,333,N,0
2014,334,E,43.3860724
2014,334,S,0
2014,334,N,0
2014,335,E,6.561336095
2014,335,S,0
2014,335,N,0
2014,3361MV,E,29.78404038
2014,3361MV,S,0
2014,3361MV,N,0
2014,3364OT,E,15.42599634
2014,3364OT,S,0
2014,3364OT,N,0
2014,337,E,0
2014,337,S,0
2014,337,N,2.448911156
2014,339,E,0
2014,339,S,0
2014,339,N,10.320932
2014,42,E,0
2014,42,S,43.53971074
2014,42,N,0
2014,441,E,0
2014,441,S,0
2014,441,N,5.691685775
2014,445,E,12.30494393
2014,445,S,0
2014,445,N,0
2014,452,E,0
2014,452,S,0
2014,452,N,12.97453184
2014,481,E,0
2014,481,S,0
2014,481,N,0
2014,482,E,0
2014,482,S,0
2014,482,N,0
2014,483,E,0
2014,483,S,0
2014,483,N,0
2014,484,E,20.93220437
2014,484,S,0
2014,484,N,0
2014,485,E,3.303127553
2014,485,S,0
2014,485,N,0
2014,486,E,0
2014,486,S,0
2014,486,N,4.395870939
2014,487OS,E,10.39291212
2014,487OS,S,0
2014,487OS,N,0
2014,493,E,0
2014,493,S,0
2014,493,N,0
2014,4A0,E,58.86943159
2014,4A0,S,0
2014,4A0,N,0
2014,511,E,0
2014,511,S,91.07531988
2014,511,N,0
2014,512,E,0
2014,512,S,0
2014,512,N,394.8519617
2014,513,E,194.7182936
2014,513,S,0
2014,513,N,0
2014,514,E,0
2014,514,S,36.5095184
2014,514,N,0
2014,521CI,E,0
2014,521CI,S,90.45536966
2014,521CI,N,0
2014,523,E,0
2014,523,S,0
2014,523,N,14.32925174
2014,524,E,0
2014,524,S,19.2671856
2014,524,N,0
2014,525,E,0
2014,525,S,0
2014,525,N,1.655093302
2014,532RL,E,62.38602778
2014,532RL,S,0
2014,532RL,N,0
2014,5411,E,0
2014,5411,S,4.113896226
2014,5411,N,0
2014,5412OP,E,81.16602913
2014,5412OP,S,27.22766725
2014,5412OP,N,0
2014,5415,E,0
2014,5415,S,16.53883061
2014,5415,N,0
2014,55,E,32.96015952
2014,55,S,0
2014,55,N,0
2014,561,E,0
2014,561,S,31.64657117
2014,561,N,0
2014,562,E,4.619829956
2014,562,S,0
2014,562,N,0
2014,61,E,0
2014,61,S,0
2014,61,N,20.95192873
2014,621,E,39.64605259
2014,621,S,0
2014,621,N,0
2014,622,E,87.43070828
2014,622,S,0
2014,622,N,0
2014,623,E,0
2014,623,S,0
2014,623,N,4.802535181
2014,624,E,0
2014,624,S,0
2014,624,N,2.492911547
2014,711AS,E,0
2014,711AS,S,0
2014,711AS,N,1.5368871
2014,713,E,0
2014,713,S,0
2014,713,N,6.825613999
2014,721,E,0
2014,721,S,0
2014,721,N,11.8022052
2014,722,E,0
2014,722,S,26.63289566
2014,722,N,0
2014,81,E,0
2014,81,S,0
2014,81,N,27.41657644
2014,ORE,E,0
2014,ORE,S,0
2014,ORE,N,7.074661618
2014,HS,R,446.2289921
2015,111CA,E,70.14304537
2015,111CA,S,0
2015,111CA,N,0
2015,113FF,E,3.142375432
2015,113FF,S,0
2015,113FF,N,0
2015,211,E,0
2015,211,S,27.0210648
2015,211,N,0
2015,212,E,0
2015,212,S,0
2015,212,N,0
2015,213,E,2.629016787
2015,213,S,6.805478817
2015,213,N,0
2015,22,E,13.73905677
2015,22,S,0
2015,22,N,0
2015,23,E,0
2015,23,S,49.46130197
2015,23,N,0
2015,311FT,E,33.78073332
2015,311FT,S,0
2015,311FT,N,0
2015,313TT,E,0
2015,313TT,S,0
2015,313TT,N,0.4728467633
2015,315AL,E,0
2015,315AL,S,0
2015,315AL,N,0
2015,321,E,2.932968006
2015,321,S,0
2015,321,N,0
2015,322,E,9.538538731
2015,322,S,0
2015,322,N,0
2015,323,E,4.968046228
2015,323,S,0
2015,323,N,0
2015,324,E,49.41206379
2015,324,S,0
2015,324,N,0
2015,325,E,0
2015,325,S,0
2015,325,N,112.8271953
2015,326,E,0
2015,326,S,0
2015,326,N,9.412796545
2015,327,E,0
2015,327,S,0
2015,327,N,5.816885105
2015,331,E,3.41644006
2015,331,S,0
2015,331,N,0
2015,332,E,10.60384596
2015,332,S,0
2015,332,N,0
2015,333,E,1.097060096
2015,333,S,0
2015,333,N,0
2015,334,E,64.92223569
2015,334,S,0
2015,334,N,0
2015,335,E,0
2015,335,S,0
2015,335,N,9.489056163
2015,3361MV,E,16.55616578
2015,3361MV,S,0
2015,3361MV,N,0
2015,3364OT,E,14.59179582
2015,3364OT,S,0
2015,3364OT,N,0
2015,337,E,0
2015,337,S,0
2015,337,N,1.601149605
2015,339,E,0
2015,339,S,0
2015,339,N,9.425605503
2015,42,E,0
2015,42,S,32.55005273
2015,42,N,0
2015,441,E,17.39689524
2015,441,S,0
2015,441,N,0
2015,445,E,11.81965063
2015,445,S,0
2015,445,N,0
2015,452,E,0
2015,452,S,0
2015,452,N,13.21647042
2015,481,E,0
2015,481,S,0
2015,481,N,0
2015,482,E,0
2015,482,S,0
2015,482,N,0
2015,483,E,0
2015,483,S,0
2015,483,N,0
2015,484,E,21.16609252
2015,484,S,0
2015,484,N,0
2015,485,E,1.890037274
2015,485,S,0
2015,485,N,0
2015,486,E,0
2015,486,S,0
2015,486,N,7.492070277
2015,487OS,E,9.108300172
2015,487OS,S,0
2015,487OS,N,0
2015,493,E,0
2015,493,S,2.048659365
2015,493,N,0
2015,4A0,E,58.67091861
2015,4A0,S,0
2015,4A0,N,0
2015,511,E,0
2015,511,S,124.0556005
2015,511,N,0
2015,512,E,0
2015,512,S,0
2015,512,N,276.2400342
2015,513,E,195.9329186
2015,513,S,0
2015,513,N,0
2015,514,E,0
2015,514,S,38.8369995
2015,514,N,0
2015,521CI,E,0
2015,521CI,S,90.7900613
2015,521CI,N,0
2015,523,E,0
2015,523,S,0
2015,523,N,14.75984529
2015,524,E,0
2015,524,S,8.560274079
2015,524,N,0
2015,525,E,0
2015,525,S,0
2015,525,N,0
2015,532RL,E,80.93064696
2015,532RL,S,0
2015,532RL,N,0
2015,5411,E,0
2015,5411,S,3.461993843
2015,5411,N,0
2015,5412OP,E,0
2015,5412OP,S,144.7581998
2015,5412OP,N,0
2015,5415,E,0
2015,5415,S,25.59407544
2015,5415,N,0
2015,55,E,29.27984824
2015,55,S,0
2015,55,N,0
2015,561,E,0
2015,561,S,35.59241269
2015,561,N,0
2015,562,E,7.485855056
2015,562,S,0
2015,562,N,0
2015,61,E,0
2015,61,S,0
2015,61,N,22.38972786
2015,621,E,41.1711966
2015,621,S,0
2015,621,N,0
2015,622,E,78.60392598
2015,622,S,0
2015,622,N,0
2015,623,E,0
2015,623,S,0
2015,623,N,5.113490141
2015,624,E,0
2015,624,S,0
2015,624,N,2.970379362
2015,711AS,E,0
2015,711AS,S,0
2015,711AS,N,15.74303745
2015,713,E,0
2015,713,S,0
2015,713,N,8.392790352
2015,721,E,0
2015,721,S,0
2015,721,N,12.84052312
2015,722,E,0
2015,722,S,17.77983324
2015,722,N,0
2015,81,E,0
2015,81,S,0
2015,81,N,32.1437557
2015,ORE,E,0
2015,ORE,S,0
2015,ORE,N,13.05936551
2015,HS,R,465.9869461
2016,111CA,E,0
2016,111CA,S,0
2016,111CA,N,14.00857285
2016,113FF,E,0
2016,113FF,S,0
2016,113FF,N,1.880823988
2016,211,E,0
2016,211,S,68.43057835
2016,211,N,13.47127435
2016,212,E,0
2016,212,S,0
2016,212,N,0
2016,213,E,0
2016,213,S,92.59634102
2016,213,N,0
2016,22,E,138.1392763
2016,22,S,0
2016,22,N,0
2016,23,E,0
2016,23,S,0.1579969734
2016,23,N,20.12727849
2016,311FT,E,25.4251
2016,311FT,S,0
2016,311FT,N,0
2016,313TT,E,0
2016,313TT,S,0
2016,313TT,N,0.8661549514
2016,315AL,E,0
2016,315AL,S,0
2016,315AL,N,0
2016,321,E,3.672440645
2016,321,S,0
2016,321,N,0
2016,322,E,0
2016,322,S,0
2016,322,N,6.891781548
2016,323,E,0
2016,323,S,0
2016,323,N,1.859191812
2016,324,E,33.92228053
2016,324,S,0
2016,324,N,0
2016,325,E,0
2016,325,S,0
2016,325,N,121.226158
2016,326,E,0
2016,326,S,0
2016,326,N,10.99538358
2016,327,E,0
2016,327,S,0
2016,327,N,6.296549605
2016,331,E,3.966447216
2016,331,S,0
2016,331,N,0
2016,332,E,10.78508161
2016,332,S,0
2016,332,N,0
2016,333,E,9.659837176
2016,333,S,0
2016,333,N,0
2016,334,E,60.79509758
2016,334,S,0
2016,334,N,0
2016,335,E,0
2016,335,S,0
2016,335,N,1.606746796
2016,3361MV,E,10.93330594
2016,3361MV,S,0
2016,3361MV,N,0
2016,3364OT,E,19.79167104
2016,3364OT,S,0
2016,3364OT,N,0
2016,337,E,0
2016,337,S,0
2016,337,N,1.038836168
2016,339,E,0
2016,339,S,0
2016,339,N,13.59981341
2016,42,E,0
2016,42,S,52.27207774
2016,42,N,0
2016,441,E,0
2016,441,S,0
2016,441,N,8.779471376
2016,445,E,0
2016,445,S,0
2016,445,N,10.41592053
2016,452,E,0
2016,452,S,0
2016,452,N,15.77270417
2016,481,E,0
2016,481,S,0
2016,481,N,0
2016,482,E,0
2016,482,S,0
2016,482,N,0
2016,483,E,0
2016,483,S,0
2016,483,N,0
2016,484,E,27.37216847
2016,484,S,0
2016,484,N,0
2016,485,E,6.075657965
2016,485,S,0
2016,485,N,0
2016,486,E,0
2016,486,S,99.20247551
2016,486,N,0
2016,487OS,E,8.547814774
2016,487OS,S,0
2016,487OS,N,0
2016,493,E,0
2016,493,S,0.9751452592
2016,493,N,0
2016,4A0,E,61.44562818
2016,4A0,S,0
2016,4A0,N,0
2016,511,E,0
2016,511,S,62.86255587
2016,511,N,23.60060597
2016,512,E,0
2016,512,S,0
2016,512,N,173.6714944
2016,513,E,159.3134611
2016,513,S,0
2016,513,N,0
2016,514,E,0
2016,514,S,47.2081791
2016,514,N,0
2016,521CI,E,0
2016,521CI,S,95.53422668
2016,521CI,N,0
2016,523,E,0
2016,523,S,0
2016,523,N,15.87063299
2016,524,E,0
2016,524,S,26.0147171
2016,524,N,0
2016,525,E,0
2016,525,S,0
2016,525,N,0.6008811312
2016,532RL,E,78.99606201
2016,532RL,S,0
2016,532RL,N,0
2016,5411,E,0
2016,5411,S,4.833411612
2016,5411,N,0
2016,5412OP,E,102.5643753
2016,5412OP,S,0
2016,5412OP,N,0
2016,5415,E,0
2016,5415,S,25.95511969
2016,5415,N,0
2016,55,E,0
2016,55,S,0
2016,55,N,15.45921503
2016,561,E,0
2016,561,S,36.10805933
2016,561,N,0
2016,562,E,8.566087035
2016,562,S,0
2016,562,N,0
2016,61,E,0
2016,61,S,0
2016,61,N,22.90713308
2016,621,E,42.82981585
2016,621,S,0
2016,621,N,0
2016,622,E,75.00997545
2016,622,S,0
2016,622,N,0
2016,623,E,0
2016,623,S,0
2016,623,N,5.104738914
2016,624,E,0
2016,624,S,0
2016,624,N,3.414421723
2016,711AS,E,0
2016,711AS,S,0
2016,711AS,N,19.80198868
2016,713,E,0
2016,713,S,0
2016,713,N,10.46550306
2016,721,E,0
2016,721,S,0
2016,721,N,15.81105198
2016,722,E,0
2016,722,S,18.52343192
2016,722,N,0
2016,81,E,0
2016,81,S,0
2016,81,N,34.11162885
2016,ORE,E,0
2016,ORE,S,0
2016,ORE,N,12.4214184
2016,HS,R,485.7449001
2017,111CA,E,0
2017,111CA,S,0
2017,111CA,N,21.24469043
2017,113FF,E,0
2017,113FF,S,0
2017,113FF,N,2.45923171
2017,211,E,0
2017,211,S,0
2017,211,N,0
2017,212,E,0
2017,212,S,0
2017,212,N,0
2017,213,E,0
2017,213,S,302.8764977
2017,213,N,0
2017,22,E,71.05742167
2017,22,S,0
2017,22,N,0
2017,23,E,0
2017,23,S,0
2017,23,N,0
2017,311FT,E,0
2017,311FT,S,0
2017,311FT,N,21.43382897
2017,313TT,E,0
2017,313TT,S,0
2017,313TT,N,0.8264729276
2017,315AL,E,0
2017,315AL,S,0
2017,315AL,N,0
2017,321,E,0
2017,321,S,0
2017,321,N,1.646249234
2017,322,E,0
2017,322,S,0
2017,322,N,6.274625149
2017,323,E,0
2017,323,S,0
2017,323,N,1.887838008
2017,324,E,35.05530433
2017,324,S,0
2017,324,N,0
2017,325,E,0
2017,325,S,0
2017,325,N,207.8422774
2017,326,E,0
2017,326,S,0
2017,326,N,12.29594401
2017,327,E,0
2017,327,S,0
2017,327,N,2.971982317
2017,331,E,0
2017,331,S,0
2017,331,N,3.988434315
2017,332,E,0
2017,332,S,0
2017,332,N,6.366522423
2017,333,E,0
2017,333,S,0
2017,333,N,0
2017,334,E,62.70414069
2017,334,S,0
2017,334,N,0
2017,335,E,0
2017,335,S,0
2017,335,N,0
2017,3361MV,E,22.84311106
2017,3361MV,S,0
2017,3361MV,N,0
2017,3364OT,E,20.24625827
2017,3364OT,S,0
2017,3364OT,N,0
2017,337,E,0
2017,337,S,0
2017,337,N,1.435380491
2017,339,E,0
2017,339,S,0
2017,339,N,9.446754304
2017,42,E,0
2017,42,S,29.47269548
2017,42,N,0
2017,441,E,0
2017,441,S,0
2017,441,N,18.15476662
2017,445,E,0
2017,445,S,0
2017,445,N,9.240316244
2017,452,E,0
2017,452,S,0
2017,452,N,18.75117103
2017,481,E,0
2017,481,S,0
2017,481,N,0
2017,482,E,0
2017,482,S,0
2017,482,N,2.188596991
2017,483,E,0
2017,483,S,0
2017,483,N,0
2017,484,E,29.40059486
2017,484,S,0
2017,484,N,0
2017,485,E,9.509247502
2017,485,S,0
2017,485,N,0
2017,486,E,0
2017,486,S,0
2017,486,N,10.32493478
2017,487OS,E,10.30689711
2017,487OS,S,0
2017,487OS,N,0
2017,493,E,0
2017,493,S,0.5466930925
2017,493,N,0
2017,4A0,E,67.07829317
2017,4A0,S,0
2017,4A0,N,0
2017,511,E,0
2017,511,S,0
2017,511,N,63.86680992
2017,512,E,0
2017,512,S,0
2017,512,N,0
2017,513,E,361.5019061
2017,513,S,0
2017,513,N,0
2017,514,E,0
2017,514,S,61.14959046
2017,514,N,0
2017,521CI,E,0
2017,521CI,S,49.27890505
2017,521CI,N,0
2017,523,E,0
2017,523,S,0
2017,523,N,17.77127162
2017,524,E,0
2017,524,S,15.22519856
2017,524,N,0
2017,525,E,0
2017,525,S,0
2017,525,N,0
2017,532RL,E,10.54456321
2017,532RL,S,151.2492769
2017,532RL,N,0
2017,5411,E,0
2017,5411,S,3.004541942
2017,5411,N,0
2017,5412OP,E,32.5968565
2017,5412OP,S,0
2017,5412OP,N,22.93365632
2017,5415,E,21.93111489
2017,5415,S,0
2017,5415,N,0
2017,55,E,0
2017,55,S,0
2017,55,N,22.54710535
2017,561,E,0
2017,561,S,41.22922503
2017,561,N,0
2017,562,E,0
2017,562,S,0
2017,562,N,5.353152516
2017,61,E,0
2017,61,S,0
2017,61,N,24.38627129
2017,621,E,73.03461822
2017,621,S,0
2017,621,N,0
2017,622,E,80.94511712
2017,622,S,0
2017,622,N,0
2017,623,E,0
2017,623,S,0
2017,623,N,5.510386777
2017,624,E,0
2017,624,S,0
2017,624,N,3.665301924
2017,711AS,E,0
2017,711AS,S,0
2017,711AS,N,19.62830718
2017,713,E,0
2017,713,S,0
2017,713,N,11.42816631
2017,721,E,0
2017,721,S,0
2017,721,N,17.27402426
2017,722,E,11.9380501
2017,722,S,0
2017,722,N,0
2017,81,E,0
2017,81,S,0
2017,81,N,37.90004288
2017,ORE,E,0
2017,ORE,S,0
2017,ORE,N,19.70321343
2017,HS,R,505.5028541
2018,111CA,E,0
2018,111CA,S,0
2018,111CA,N,26.56488912
2018,113FF,E,0
2018,113FF,S,0
2018,113FF,N,2.630584589
2018,211,E,0
2018,211,S,369.5437161
2018,211,N,0
2018,212,E,0
2018,212,S,0
2018,212,N,0
2018,213,E,0
2018,213,S,202.5958415
2018,213,N,0
2018,22,E,0
2018,22,S,0
2018,22,N,18.6924644
2018,23,E,0
2018,23,S,0
2018,23,N,0
2018,311FT,E,0
2018,311FT,S,0
2018,311FT,N,23.92539099
2018,313TT,E,0
2018,313TT,S,0
2018,313TT,N,0.5448648028
2018,315AL,E,0
2018,315AL,S,0
2018,315AL,N,0
2018,321,E,0
2018,321,S,0
2018,321,N,1.499230511
2018,322,E,0
2018,322,S,0
2018,322,N,8.09517092
2018,323,E,0
2018,323,S,0
2018,323,N,1.662257972
2018,324,E,0
2018,324,S,0
2018,324,N,0
2018,325,E,0
2018,325,S,0
2018,325,N,11.14276703
2018,326,E,0
2018,326,S,0
2018,326,N,9.705119705
2018,327,E,0
2018,327,S,0
2018,327,N,4.979059864
2018,331,E,0
2018,331,S,0
2018,331,N,1.410526769
2018,332,E,0
2018,332,S,0
2018,332,N,5.518443733
2018,333,E,0
2018,333,S,0
2018,333,N,0.2516248812
2018,334,E,0
2018,334,S,0
2018,334,N,17.03118445
2018,335,E,0
2018,335,S,0
2018,335,N,3.155288824
2018,3361MV,E,0
2018,3361MV,S,0
2018,3361MV,N,6.069435968
2018,3364OT,E,0
2018,3364OT,S,0
2018,3364OT,N,0
2018,337,E,0
2018,337,S,0
2018,337,N,0.8825901457
2018,339,E,9.879606698
2018,339,S,0
2018,339,N,0
2018,42,E,0
2018,42,S,8.750737441
2018,42,N,0
2018,441,E,0
2018,441,S,0
2018,441,N,4.029255622
2018,445,E,0
2018,445,S,0
2018,445,N,13.47140956
2018,452,E,0
2018,452,S,0
2018,452,N,17.17401874
2018,481,E,0
2018,481,S,0
2018,481,N,0
2018,482,E,0
2018,482,S,0
2018,482,N,0
2018,483,E,0
2018,483,S,0
2018,483,N,0.6497822923
2018,484,E,0
2018,484,S,0
2018,484,N,11.7111574
2018,485,E,0
2018,485,S,0
2018,485,N,6.778561446
2018,486,E,0
2018,486,S,0
2018,486,N,6.643833841
2018,487OS,E,0
2018,487OS,S,0
2018,487OS,N,2.641545148
2018,493,E,0
2018,493,S,0
2018,493,N,0.2846662696
2018,4A0,E,0
2018,4A0,S,0
2018,4A0,N,29.30075307
2018,511,E,156.1071746
2018,511,S,0
2018,511,N,73.34727727
2018,512,E,0
2018,512,S,0
2018,512,N,0
2018,513,E,612.8926846
2018,513,S,0
2018,513,N,0
2018,514,E,0
2018,514,S,50.12094
2018,514,N,0
2018,521CI,E,0
2018,521CI,S,0
2018,521CI,N,18.88108761
2018,523,E,0
2018,523,S,0
2018,523,N,20.55800558
2018,524,E,0
2018,524,S,14.47525976
2018,524,N,0
2018,525,E,0
2018,525,S,0
2018,525,N,0
2018,532RL,E,102.7603658
2018,532RL,S,0
2018,532RL,N,0
2018,5411,E,0
2018,5411,S,3.860096222
2018,5411,N,0
2018,5412OP,E,0
2018,5412OP,S,0
2018,5412OP,N,30.36442518
2018,5415,E,0
2018,5415,S,0
2018,5415,N,0
2018,55,E,0
2018,55,S,0
2018,55,N,27.75390423
2018,561,E,0
2018,561,S,28.04434116
2018,561,N,2.78073359
2018,562,E,0
2018,562,S,0
2018,562,N,4.524994131
2018,61,E,0
2018,61,S,0
2018,61,N,24.87933517
2018,621,E,71.93557363
2018,621,S,0
2018,621,N,0
2018,622,E,0
2018,622,S,0
2018,622,N,89.10134715
2018,623,E,0
2018,623,S,0
2018,623,N,6.289510949
2018,624,E,0
2018,624,S,0
2018,624,N,3.950349003
2018,711AS,E,0
2018,711AS,S,0
2018,711AS,N,15.85064452
2018,713,E,0
2018,713,S,0
2018,713,N,13.02549225
2018,721,E,0
2018,721,S,0
2018,721,N,17.19395876
2018,722,E,0
2018,722,S,0
2018,722,N,7.879493157
2018,81,E,0
2018,81,S,0
2018,81,N,40.17449266
2018,ORE,E,0
2018,ORE,S,0
2018,ORE,N,26.41714903
2018,HS,R,525.2608081
2019,111CA,E,0
2019,111CA,S,0
2019,111CA,N,688.0884295
2019,113FF,E,0
2019,113FF,S,0
2019,113FF,N,0
2019,211,E,0
2019,211,S,700.7492402
2019,211,N,0
2019,212,E,0
2019,212,S,0
2019,212,N,0
2019,213,E,0
2019,213,S,0
2019,213,N,0
2019,22,E,0
2019,22,S,0
2019,22,N,0
2019,23,E,0
2019,23,S,0
2019,23,N,0
2019,311FT,E,0
2019,311FT,S,0
2019,311FT,N,0
2019,313TT,E,0
2019,313TT,S,0
2019,313TT,N,0
2019,315AL,E,0
2019,315AL,S,0
2019,315AL,N,0
2019,321,E,0
2019,321,S,0
2019,321,N,0
2019,322,E,0
2019,322,S,0
2019,322,N,0
2019,323,E,0
2019,323,S,0
2019,323,N,0
2019,324,E,0
2019,324,S,0
2019,324,N,0
2019,325,E,0
2019,325,S,0
2019,325,N,0
2019,326,E,0
2019,326,S,0
2019,326,N,0
2019,327,E,0
2019,327,S,0
2019,327,N,0
2019,331,E,0
2019,331,S,0
2019,331,N,0
2019,332,E,0
2019,332,S,0
2019,332,N,0
2019,333,E,0
2019,333,S,0
2019,333,N,0
2019,334,E,0
2019,334,S,0
2019,334,N,0
2019,335,E,0
2019,335,S,0
2019,335,N,0
2019,3361MV,E,0
2019,3361MV,S,0
2019,3361MV,N,0
2019,3364OT,E,0
2019,3364OT,S,0
2019,3364OT,N,0
2019,337,E,0
2019,337,S,0
2019,337,N,0
2019,339,E,0
2019,339,S,0
2019,339,N,0
2019,42,E,0
2019,42,S,0
2019,42,N,0
2019,441,E,0
2019,441,S,0
2019,441,N,0
2019,445,E,0
2019,445,S,0
2019,445,N,0
2019,452,E,0
2019,452,S,0
2019,452,N,0
2019,481,E,0
2019,481,S,0
2019,481,N,0
2019,482,E,0
2019,482,S,0
2019,482,N,0
2019,483,E,0
2019,483,S,0
2019,483,N,0
2019,484,E,0
2019,484,S,0
2019,484,N,0
2019,485,E,0
2019,485,S,0
2019,485,N,0
2019,486,E,0
2019,486,S,0
2019,486,N,0
2019,487OS,E,0
2019,487OS,S,0
2019,487OS,N,0
2019,493,E,0
2019,493,S,0
2019,493,N,0
2019,4A0,E,0
2019,4A0,S,0
2019,4A0,N,0
2019,511,E,0
2019,511,S,0
2019,511,N,0
2019,512,E,0
2019,512,S,0
2019,512,N,0
2019,513,E,986.4573158
2019,513,S,0
2019,513,N,0
2019,514,E,0
2019,514,S,0
2019,514,N,0
2019,521CI,E,0
2019,521CI,S,0
2019,521CI,N,0
2019,523,E,0
2019,523,S,0
2019,523,N,0
2019,524,E,0
2019,524,S,0
2019,524,N,0
2019,525,E,0
2019,525,S,0
2019,525,N,0
2019,532RL,E,0
2019,532RL,S,0
2019,532RL,N,0
2019,5411,E,0
2019,5411,S,0
2019,5411,N,0
2019,5412OP,E,0
2019,5412OP,S,0
2019,5412OP,N,0
2019,5415,E,0
2019,5415,S,0
2019,5415,N,0
2019,55,E,0
2019,55,S,0
2019,55,N,0
2019,561,E,0
2019,561,S,0
2019,561,N,0
2019,562,E,0
2019,562,S,0
2019,562,N,0
2019,61,E,0
2019,61,S,0
2019,61,N,0
2019,621,E,0
2019,621,S,0
2019,621,N,0
2019,622,E,0
2019,622,S,0
2019,622,N,0
2019,623,E,0
2019,623,S,0
2019,623,N,0
2019,624,E,0
2019,624,S,0
2019,624,N,0
2019,711AS,E,0
2019,711AS,S,0
2019,711AS,N,0
2019,713,E,0
2019,713,S,0
2019,713,N,0
2019,721,E,0
2019,721,S,0
2019,721,N,0
2019,722,E,0
2019,722,S,0
2019,722,N,0
2019,81,E,0
2019,81,S,0
2019,81,N,0
2019,ORE,E,0
2019,ORE,S,0
2019,ORE,N,0
2019,HS,R,545.0187621
