anno,industria,utilizzo_implicito,violato,g17
2010,111CA,0.9482565275,False,False
2010,113FF,0.6097635996,False,False
2010,211,0.8333163333,False,True
2010,212,0.8333163333,False,True
2010,213,0.8333163333,False,True
2010,22,0.8291515,False,True
2010,23,0.4881026273,False,False
2010,311FT,0.7590865833,False,True
2010,313TT,0.6290921667,False,True
2010,315AL,0.6856985833,False,True
2010,321,0.5605920833,False,True
2010,322,0.8124338333,False,True
2010,323,0.6109548333,False,True
2010,324,0.8053340833,False,True
2010,325,0.71160925,False,True
2010,326,0.6817164167,False,True
2010,327,0.4871594167,False,True
2010,331,0.6931774167,False,True
2010,332,0.7474746667,False,True
2010,333,0.7037345,False,True
2010,334,0.7826165833,False,True
2010,335,0.7302064167,False,True
2010,3361MV,0.59451175,False,True
2010,3364OT,0.7339920833,False,True
2010,337,0.5739795833,False,True
2010,339,0.7558993333,False,True
2010,42,0.839809073,False,False
2010,441,0.5318198234,False,False
2010,445,0.6707042564,False,False
2010,452,0.8629463488,False,False
2010,481,0.6402460152,False,False
2010,482,0.9370167584,False,False
2010,483,0.9454424001,False,False
2010,484,0.7388358623,False,False
2010,485,0.6184911373,False,False
2010,486,0.5101069236,False,False
2010,487OS,0.8309751131,False,False
2010,493,0.7706318074,False,False
2010,4A0,0.7644531111,False,False
2010,511,0.5698178664,False,False
2010,512,0.8260055406,False,False
2010,513,0.9355233911,False,False
2010,514,0.5929995404,False,False
2010,521CI,0.8644041067,False,False
2010,523,0.5916582523,False,False
2010,524,0.7782037391,False,False
2010,525,0.5824242922,False,False
2010,532RL,0.5336478912,False,False
2010,5411,0.5658967027,False,False
2010,5412OP,0.6453706443,False,False
2010,5415,0.5544114665,False,False
2010,55,0.7774900342,False,False
2010,561,0.5521947847,False,False
2010,562,0.8573339896,False,False
2010,61,0.8466373593,False,False
2010,621,0.9666569425,False,False
2010,622,0.8052310487,False,False
2010,623,0.5832176172,False,False
2010,624,0.7986775725,False,False
2010,711AS,0.8342580022,False,False
2010,713,0.5736489713,False,False
2010,721,0.6738963516,False,False
2010,722,0.8577431493,False,False
2010,81,0.6447825559,False,False
2010,ORE,0.7553632248,False,False
2010,HS,0.9763548521,False,False
2011,111CA,0.9094292282,False,False
2011,113FF,0.5991196058,False,False
2011,211,0.8702465451,False,True
2011,212,0.84124087,False,True
2011,213,0.9026310657,False,True
2011,22,0.7997707472,False,True
2011,23,0.491989585,False,False
2011,311FT,0.7570726691,False,True
2011,313TT,0.6470009908,False,True
2011,315AL,0.774446418,False,True
2011,321,0.607618777,False,True
2011,322,0.8409462657,False,True
2011,323,0.6401630161,False,True
2011,324,0.8466003236,False,True
2011,325,0.7248861633,False,True
2011,326,0.7207082446,False,True
2011,327,0.5181354534,False,True
2011,331,0.7585189576,False,True
2011,332,0.8175586382,False,True
2011,333,0.8094965717,False,True
2011,334,0.7606539572,False,True
2011,335,0.7811598537,False,True
2011,3361MV,0.7008953674,False,True
2011,3364OT,0.7569091801,False,True
2011,337,0.6103062759,False,True
2011,339,0.780073213,False,True
2011,42,0.9243729097,False,False
2011,441,0.5308075849,False,False
2011,445,0.6562387639,False,False
2011,452,0.8594617916,False,False
2011,481,0.7212193792,False,False
2011,482,0.9889457247,False,False
2011,483,0.9505364525,False,False
2011,484,0.7925310564,False,False
2011,485,0.6506913433,False,False
2011,486,0.5385577879,False,False
2011,487OS,0.8837709838,False,False
2011,493,0.8533765822,False,False
2011,4A0,0.7861137419,False,False
2011,511,0.5668293621,False,False
2011,512,0.8033581645,False,False
2011,513,0.9306692301,False,False
2011,514,0.598105271,False,False
2011,521CI,0.8715499293,False,False
2011,523,0.5392391738,False,False
2011,524,0.8628334446,False,False
2011,525,0.5982824066,False,False
2011,532RL,0.5558817963,False,False
2011,5411,0.5761390357,False,False
2011,5412OP,0.6474095249,False,False
2011,5415,0.6022581213,False,False
2011,55,0.8011656507,False,False
2011,561,0.5615417166,False,False
2011,562,0.8481910408,False,False
2011,61,0.8298867613,False,False
2011,621,0.9535020273,False,False
2011,622,0.803905498,False,False
2011,623,0.5694903485,False,False
2011,624,0.7747921821,False,False
2011,711AS,0.8425138358,False,False
2011,713,0.5800768956,False,False
2011,721,0.7134034672,False,False
2011,722,0.9126770445,False,False
2011,81,0.6436419983,False,False
2011,ORE,0.7697360311,False,False
2011,HS,0.9835816857,False,False
2012,111CA,0.8976468918,False,False
2012,113FF,0.5449107282,False,False
2012,211,0.8769102865,False,True
2012,212,0.7207507108,False,True
2012,213,0.9951735387,False,True
2012,22,0.7918869878,False,True
2012,23,0.51082165,False,False
2012,311FT,0.7694214094,False,True
2012,313TT,0.6573604028,False,True
2012,315AL,0.616841296,False,True
2012,321,0.6893973769,False,True
2012,322,0.8742827702,False,True
2012,323,0.6441332945,False,True
2012,324,0.8731303797,False,True
2012,325,0.7558756404,False,True
2012,326,0.77964617,False,True
2012,327,0.5601419034,False,True
2012,331,0.7594116125,False,True
2012,332,0.8470221336,False,True
2012,333,0.8593151562,False,True
2012,334,0.6994407691,False,True
2012,335,0.8024165597,False,True
2012,3361MV,0.7179453198,False,True
2012,3364OT,0.8475555875,False,True
2012,337,0.7277286704,False,True
2012,339,0.7613128494,False,True
2012,42,0.9549639834,False,False
2012,441,0.5897364536,False,False
2012,445,0.6457791272,False,False
2012,452,0.7596070776,False,False
2012,481,0.6950721499,False,False
2012,482,0.968447463,False,False
2012,483,0.9838341522,False,False
2012,484,0.790450948,False,False
2012,485,0.6863201394,False,False
2012,486,0.5541363497,False,False
2012,487OS,0.8928439552,False,False
2012,493,0.9853172677,False,False
2012,4A0,0.8018725517,False,False
2012,511,0.5382577425,False,False
2012,512,0.803198862,False,False
2012,513,0.9173948512,False,False
2012,514,0.6263200676,False,False
2012,521CI,0.9230151002,False,False
2012,523,0.5371170075,False,False
2012,524,0.9370401582,False,False
2012,525,0.5778990741,False,False
2012,532RL,0.5550434977,False,False
2012,5411,0.5863441176,False,False
2012,5412OP,0.6474101708,False,False
2012,5415,0.6510214313,False,False
2012,55,0.804089968,False,False
2012,561,0.5601951007,False,False
2012,562,0.8245602617,False,False
2012,61,0.7865045357,False,False
2012,621,0.9612824634,False,False
2012,622,0.7971850807,False,False
2012,623,0.5539565841,False,False
2012,624,0.7532502017,False,False
2012,711AS,0.8636076441,False,False
2012,713,0.5882091471,False,False
2012,721,0.7554177154,False,False
2012,722,0.9388276025,False,False
2012,81,0.6565143396,False,False
2012,ORE,0.8344105755,False,False
2012,HS,0.9857300321,False,False
2013,111CA,0.8825540888,False,False
2013,113FF,0.5440559958,False,False
2013,211,0.8815228123,False,True
2013,212,0.6250578332,False,True
2013,213,0.8911729539,False,True
2013,22,0.7922989254,False,True
2013,23,0.532149385,False,False
2013,311FT,0.7846579791,False,True
2013,313TT,0.6946979192,False,True
2013,315AL,0.6315284853,False,True
2013,321,0.7499902064,False,True
2013,322,0.8800767472,False,True
2013,323,0.6617579526,False,True
2013,324,0.8987440205,False,True
2013,325,0.8069361762,False,True
2013,326,0.811327948,False,True
2013,327,0.6066170337,False,True
2013,331,0.7899782258,False,True
2013,332,0.8485774361,False,True
2013,333,0.8316953486,False,True
2013,334,0.6624178239,False,True
2013,335,0.8045222286,False,True
2013,3361MV,0.7351725364,False,True
2013,3364OT,0.8854303166,False,True
2013,337,0.7678001056,False,True
2013,339,0.8210994719,False,True
2013,42,0.9695760643,False,False
2013,441,0.6429964195,False,False
2013,445,0.6508404406,False,False
2013,452,0.7521695784,False,False
2013,481,0.722450742,False,False
2013,482,0.958988112,False,False
2013,483,0.9579146148,False,False
2013,484,0.7726505962,False,False
2013,485,0.7420197211,False,False
2013,486,0.5352759727,False,False
2013,487OS,0.916613579,False,False
2013,493,1.005862036,True,False
2013,4A0,0.8193050002,False,False
2013,511,0.5574636515,False,False
2013,512,0.8356333804,False,False
2013,513,0.8976803402,False,False
2013,514,0.6200616824,False,False
2013,521CI,0.9167171039,False,False
2013,523,0.5397412459,False,False
2013,524,0.9468345938,False,False
2013,525,0.6563828894,False,False
2013,532RL,0.5477463365,False,False
2013,5411,0.5582785127,False,False
2013,5412OP,0.6268318904,False,False
2013,5415,0.6973155898,False,False
2013,55,0.7703532754,False,False
2013,561,0.5461141293,False,False
2013,562,0.8498417231,False,False
2013,61,0.7654270237,False,False
2013,621,0.9278910312,False,False
2013,622,0.7634878859,False,False
2013,623,0.5504181126,False,False
2013,624,0.7411542613,False,False
2013,711AS,0.8837485149,False,False
2013,713,0.595844394,False,False
2013,721,0.7792402734,False,False
2013,722,0.9426042037,False,False
2013,81,0.6511348115,False,False
2013,ORE,0.8971458384,False,False
2013,HS,0.9918251334,False,False
2014,111CA,0.8384896873,False,False
2014,113FF,0.5856868516,False,False
2014,211,0.8953719991,False,True
2014,212,0.6102835782,False,True
2014,213,1.049467509,True,True
2014,22,0.7995394101,False,True
2014,23,0.5479143529,False,False
2014,311FT,0.7802877999,False,True
2014,313TT,0.7223571808,False,True
2014,315AL,0.6189738258,False,True
2014,321,0.7589581667,False,True
2014,322,0.8855859831,False,True
2014,323,0.679836494,False,True
2014,324,0.8255383072,False,True
2014,325,0.8156945923,False,True
2014,326,0.8361721216,False,True
2014,327,0.6544200324,False,True
2014,331,0.7971971965,False,True
2014,332,0.8577767561,False,True
2014,333,0.8434868636,False,True
2014,334,0.6278595479,False,True
2014,335,0.8235983591,False,True
2014,3361MV,0.7476194232,False,True
2014,3364OT,0.9074400386,False,True
2014,337,0.8125493027,False,True
2014,339,0.8076746938,False,True
2014,42,1.008757088,True,False
2014,441,0.7142408451,False,False
2014,445,0.6644633338,False,False
2014,452,0.7434491725,False,False
2014,481,0.738393436,False,False
2014,482,0.9939690174,False,False
2014,483,0.9457175016,False,False
2014,484,0.807461523,False,False
2014,485,0.7879910191,False,False
2014,486,0.5222086251,False,False
2014,487OS,1.001621856,True,False
2014,493,0.9908873984,False,False
2014,4A0,0.8320703081,False,False
2014,511,0.563735205,False,False
2014,512,0.8353112,False,False
2014,513,0.9115093093,False,False
2014,514,0.5554329933,False,False
2014,521CI,0.9122533767,False,False
2014,523,0.5118550329,False,False
2014,524,0.9751630012,False,False
2014,525,0.6969952337,False,False
2014,532RL,0.5537050532,False,False
2014,5411,0.5412704033,False,False
2014,5412OP,0.6390471032,False,False
2014,5415,0.7427060139,False,False
2014,55,0.8106318926,False,False
2014,561,0.5550391367,False,False
2014,562,0.8944924657,False,False
2014,61,0.7556783732,False,False
2014,621,0.9231429358,False,False
2014,622,0.7252547289,False,False
2014,623,0.5403059954,False,False
2014,624,0.7432606733,False,False
2014,711AS,0.9200869673,False,False
2014,713,0.5945685585,False,False
2014,721,0.8158459438,False,False
2014,722,0.9460266149,False,False
2014,81,0.6769344338,False,False
2014,ORE,0.9260488819,False,False
2014,HS,0.9830105174,False,False
2015,111CA,0.8023502202,False,False
2015,113FF,0.5437713839,False,False
2015,211,0.7530116144,False,True
2015,212,0.5556824261,False,True
2015,213,0.7920473444,False,True
2015,22,0.7842732698,False,True
2015,23,0.5822283763,False,False
2015,311FT,0.8019418064,False,True
2015,313TT,0.7075056129,False,True
2015,315AL,0.6282261683,False,True
2015,321,0.7923544918,False,True
2015,322,0.8720977278,False,True
2015,323,0.6939862003,False,True
2015,324,0.8081783708,False,True
2015,325,0.81668046,False,True
2015,326,0.8488152741,False,True
2015,327,0.6820838318,False,True
2015,331,0.7697228485,False,True
2015,332,0.836269857,False,True
2015,333,0.7819375036,False,True
2015,334,0.5995549534,False,True
2015,335,0.8231453458,False,True
2015,3361MV,0.7421332976,False,True
2015,3364OT,0.9005520668,False,True
2015,337,0.9040831931,False,True
2015,339,0.8287994646,False,True
2015,42,0.9864255084,False,False
2015,441,0.8074420893,False,False
2015,445,0.6655053474,False,False
2015,452,0.7546473458,False,False
2015,481,0.7547701411,False,False
2015,482,0.912004274,False,False
2015,483,0.8026951909,False,False
2015,484,0.761924022,False,False
2015,485,0.836525781,False,False
2015,486,0.4845545894,False,False
2015,487OS,1.019209342,True,False
2015,493,0.9008780249,False,False
2015,4A0,0.8399916176,False,False
2015,511,0.5402094335,False,False
2015,512,0.8696193535,False,False
2015,513,0.911407344,False,False
2015,514,0.5073127995,False,False
2015,521CI,0.8772146522,False,False
2015,523,0.4758728432,False,False
2015,524,0.9962998657,False,False
2015,525,0.7830695975,False,False
2015,532RL,0.5169165256,False,False
2015,5411,0.5539877218,False,False
2015,5412OP,0.6471874504,False,False
2015,5415,0.775097344,False,False
2015,55,0.8445970456,False,False
2015,561,0.5483865232,False,False
2015,562,0.9018842113,False,False
2015,61,0.7510456393,False,False
2015,621,0.9472363802,False,False
2015,622,0.7290455063,False,False
2015,623,0.5276830975,False,False
2015,624,0.7378886819,False,False
2015,711AS,0.9234188131,False,False
2015,713,0.5886148295,False,False
2015,721,0.8354064757,False,False
2015,722,0.9762547961,False,False
2015,81,0.6688086641,False,False
2015,ORE,0.976849406,False,False
2015,HS,0.975498181,False,False
2016,111CA,0.8447426778,False,False
2016,113FF,0.4920281009,False,False
2016,211,0.6827767509,False,True
2016,212,0.4932304764,False,True
2016,213,0.4307050849,False,True
2016,22,0.7607349191,False,True
2016,23,0.5975912787,False,False
2016,311FT,0.8114523404,False,True
2016,313TT,0.7114368703,False,True
2016,315AL,0.6667794094,False,True
2016,321,0.8086611425,False,True
2016,322,0.8562723776,False,True
2016,323,0.7511981577,False,True
2016,324,0.8477281774,False,True
2016,325,0.8248378545,False,True
2016,326,0.8507496295,False,True
2016,327,0.7088257231,False,True
2016,331,0.7470978734,False,True
2016,332,0.8211154483,False,True
2016,333,0.7417329921,False,True
2016,334,0.5846454488,False,True
2016,335,0.7984865774,False,True
2016,3361MV,0.7144224842,False,True
2016,3364OT,0.8146067423,False,True
2016,337,0.9298242106,False,True
2016,339,0.7862072816,False,True
2016,42,0.9620868452,False,False
2016,441,0.9248717341,False,False
2016,445,0.6556471031,False,False
2016,452,0.7108649912,False,False
2016,481,0.7559897678,False,False
2016,482,0.805840557,False,False
2016,483,0.7051291643,False,False
2016,484,0.7257605148,False,False
2016,485,0.7992496237,False,False
2016,486,0.4515152782,False,False
2016,487OS,0.9798511954,False,False
2016,493,0.9232008079,False,False
2016,4A0,0.8491480225,False,False
2016,511,0.5834756571,False,False
2016,512,0.8622181076,False,False
2016,513,0.9055065546,False,False
2016,514,0.4792810718,False,False
2016,521CI,0.8363499103,False,False
2016,523,0.4295620054,False,False
2016,524,0.9604883383,False,False
2016,525,0.7164261959,False,False
2016,532RL,0.4917681537,False,False
2016,5411,0.5461387135,False,False
2016,5412OP,0.650290808,False,False
2016,5415,0.7958460423,False,False
2016,55,0.8594562762,False,False
2016,561,0.5562590211,False,False
2016,562,0.9532745885,False,False
2016,61,0.7363279282,False,False
2016,621,0.9632090763,False,False
2016,622,0.7126351448,False,False
2016,623,0.517398817,False,False
2016,624,0.753089882,False,False
2016,711AS,0.9262265277,False,False
2016,713,0.5846785476,False,False
2016,721,0.8318222425,False,False
2016,722,0.9839946543,False,False
2016,81,0.6604333789,False,False
2016,ORE,0.9987798069,False,False
2016,HS,0.970390216,False,False
2017,111CA,0.8751223529,False,False
2017,113FF,0.4728860821,False,False
2017,211,0.7093481193,False,True
2017,212,0.4976168567,False,True
2017,213,0.6470685044,False,True
2017,22,0.7238291788,False,True
2017,23,0.5891201622,False,False
2017,311FT,0.7871808594,False,True
2017,313TT,0.6970918103,False,True
2017,315AL,0.5834474733,False,True
2017,321,0.8176364275,False,True
2017,322,0.8520939896,False,True
2017,323,0.7404171636,False,True
2017,324,0.868644548,False,True
2017,325,0.8111788385,False,True
2017,326,0.8421480986,False,True
2017,327,0.705045713,False,True
2017,331,0.7492126212,False,True
2017,332,0.8145355326,False,True
2017,333,0.7912034735,False,True
2017,334,0.5700197039,False,True
2017,335,0.7992794494,False,True
2017,3361MV,0.662246137,False,True
2017,3364OT,0.867513518,False,True
2017,337,0.9318122069,False,True
2017,339,0.7853801904,False,True
2017,42,0.967474655,False,False
2017,441,0.9874116744,False,False
2017,445,0.6698619735,False,False
2017,452,0.7036192335,False,False
2017,481,0.7766056189,False,False
2017,482,0.8011720323,False,False
2017,483,0.6700184432,False,False
2017,484,0.7539992155,False,False
2017,485,0.8680160003,False,False
2017,486,0.4401592813,False,False
2017,487OS,1.000878272,True,False
2017,493,0.9006602396,False,False
2017,4A0,0.8487916866,False,False
2017,511,0.6203764542,False,False
2017,512,0.8504152758,False,False
2017,513,0.8510792727,False,False
2017,514,0.4354022028,False,False
2017,521CI,0.8088702645,False,False
2017,523,0.3858807643,False,False
2017,524,0.977420068,False,False
2017,525,0.6933370619,False,False
2017,532RL,0.475584254,False,False
2017,5411,0.5582882391,False,False
2017,5412OP,0.6578344608,False,False
2017,5415,0.8303323781,False,False
2017,55,0.8950462073,False,False
2017,561,0.552200164,False,False
2017,562,0.9999330111,False,False
2017,61,0.7236344259,False,False
2017,621,0.9797492752,False,False
2017,622,0.6869461431,False,False
2017,623,0.4940917797,False,False
2017,624,0.7740047618,False,False
2017,711AS,0.9524147068,False,False
2017,713,0.5666788454,False,False
2017,721,0.842873899,False,False
2017,722,1.002521314,True,False
2017,81,0.6458443205,False,False
2017,ORE,0.9759741961,False,False
2017,HS,0.9618485311,False,False
2018,111CA,0.8833746182,False,False
2018,113FF,0.4458975152,False,False
2018,211,0.8193019091,False,True
2018,212,0.4945064575,False,True
2018,213,0.8128161115,False,True
2018,22,0.7508564421,False,True
2018,23,0.5877891829,False,False
2018,311FT,0.7820071859,False,True
2018,313TT,0.7085236789,False,True
2018,315AL,0.651418268,False,True
2018,321,0.8616464682,False,True
2018,322,0.8458100878,False,True
2018,323,0.7410033098,False,True
2018,324,0.89920476,False,True
2018,325,0.8310909971,False,True
2018,326,0.8668869864,False,True
2018,327,0.7066232587,False,True
2018,331,0.7795916698,False,True
2018,332,0.8397475417,False,True
2018,333,0.8047760515,False,True
2018,334,0.5687953692,False,True
2018,335,0.790959531,False,True
2018,3361MV,0.6801080362,False,True
2018,3364OT,0.8744026079,False,True
2018,337,0.9305875458,False,True
2018,339,0.8377931523,False,True
2018,42,0.9634214207,False,False
2018,441,0.9951347064,False,False
2018,445,0.6486869427,False,False
2018,452,0.7058650752,False,False
2018,481,0.7788090099,False,False
2018,482,0.8276689607,False,False
2018,483,0.6913397571,False,False
2018,484,0.7675569261,False,False
2018,485,0.9599261132,False,False
2018,486,0.4809447218,False,False
2018,487OS,0.9874065821,False,False
2018,493,0.8564542612,False,False
2018,4A0,0.843509678,False,False
2018,511,0.6329115327,False,False
2018,512,0.886056434,False,False
2018,513,0.8077714922,False,False
2018,514,0.4124006749,False,False
2018,521CI,0.7661525388,False,False
2018,523,0.3419282848,False,False
2018,524,0.9672129676,False,False
2018,525,0.6176564834,False,False
2018,532RL,0.4925618732,False,False
2018,5411,0.5308508631,False,False
2018,5412OP,0.6613818217,False,False
2018,5415,0.9117409727,False,False
2018,55,0.9250160192,False,False
2018,561,0.5800227901,False,False
2018,562,1.000248048,True,False
2018,61,0.7194832955,False,False
2018,621,0.9605122347,False,False
2018,622,0.6670258503,False,False
2018,623,0.472117788,False,False
2018,624,0.7968708986,False,False
2018,711AS,0.9788323243,False,False
2018,713,0.548251788,False,False
2018,721,0.8469228268,False,False
2018,722,0.986549654,False,False
2018,81,0.6498882784,False,False
2018,ORE,0.9792962382,False,False
2018,HS,0.9546375593,False,False
2019,111CA,0.8842003133,False,False
2019,113FF,0.4044697077,False,False
2019,211,0.8437222426,False,True
2019,212,0.4739101728,False,True
2019,213,0.7764772562,False,True
2019,22,0.7346796634,False,True
2019,23,0.5815922535,False,False
2019,311FT,0.7682200863,False,True
2019,313TT,0.703099681,False,True
2019,315AL,0.6800029987,False,True
2019,321,0.8237879541,False,True
2019,322,0.875426673,False,True
2019,323,0.7181841139,False,True
2019,324,0.8905900377,False,True
2019,325,0.8461088257,False,True
2019,326,0.853121692,False,True
2019,327,0.7310312263,False,True
2019,331,0.7400437181,False,True
2019,332,0.831789306,False,True
2019,333,0.7961757545,False,True
2019,334,0.5474817777,False,True
2019,335,0.7808686912,False,True
2019,3361MV,0.6660703608,False,True
2019,3364OT,0.795851972,False,True
2019,337,0.8783457753,False,True
2019,339,0.814472824,False,True
2019,42,0.9231661526,False,False
2019,441,0.972412588,False,False
2019,445,0.6492945531,False,False
2019,452,0.6569459357,False,False
2019,481,0.7845552601,False,False
2019,482,0.7869531561,False,False
2019,483,0.6298144975,False,False
2019,484,0.7226547605,False,False
2019,485,0.9914089954,False,False
2019,486,0.4866804292,False,False
2019,487OS,0.9102208839,False,False
2019,493,0.8308592114,False,False
2019,4A0,0.8312430235,False,False
2019,511,0.6457358874,False,False
2019,512,0.9001226298,False,False
2019,513,0.7622764927,False,False
2019,514,0.3734602325,False,False
2019,521CI,0.7191445664,False,False
2019,523,0.3239162129,False,False
2019,524,0.9566202463,False,False
2019,525,0.6245354382,False,False
2019,532RL,0.4968478484,False,False
2019,5411,0.5312740354,False,False
2019,5412OP,0.6672646263,False,False
2019,5415,0.8451939183,False,False
2019,55,0.9558960869,False,False
2019,561,0.5827158804,False,False
2019,562,0.9910366688,False,False
2019,61,0.7205931195,False,False
2019,621,0.9569410315,False,False
2019,622,0.6533000254,False,False
2019,623,0.4642652945,False,False
2019,624,0.7748177957,False,False
2019,711AS,0.9988601319,False,False
2019,713,0.5217717116,False,False
2019,721,0.8302913272,False,False
2019,722,0.9926207846,False,False
2019,81,0.6436818241,False,False
2019,ORE,0.9985758379,False,False
2019,HS,0.9555243929,False,False
