anno,prodotto,rho,peso,classe
2010,111CA,1.030824572,0.006741986733,"1-1,2"
2010,113FF,1,0.0007045586911,=1
2010,212,1.2,2.309846235e-05,"=1,2"
2010,22,1.2,0.02297320782,"=1,2"
2010,321,1,0.0004827417302,=1
2010,327,1.2,0.001156360341,"=1,2"
2010,331,1.2,5.205533279e-05,"=1,2"
2010,332,1.2,0.001392781364,"=1,2"
2010,333,1.2,0.0005357286508,"=1,2"
2010,334,1.2,0.007156049057,"=1,2"
2010,335,1.2,0.003586574836,"=1,2"
2010,3361MV,1.2,0.01449599308,"=1,2"
2010,3364OT,1.2,0.001380150772,"=1,2"
2010,337,1.2,0.003598497588,"=1,2"
2010,339,1.2,0.008348414632,"=1,2"
2010,311FT,1.2,0.0510521872,"=1,2"
2010,313TT,1.2,0.002071230698,"=1,2"
2010,315AL,1.2,0.01167817253,"=1,2"
2010,322,1.2,0.002023042973,"=1,2"
2010,323,1,0.0004529010698,=1
2010,324,1.2,0.02706795259,"=1,2"
2010,325,1.2,0.02365609392,"=1,2"
2010,326,1.2,0.003070329042,"=1,2"
2010,42,1.2,0.03939619883,"=1,2"
2010,441,1,0.0103077303,=1
2010,445,1,0.01787316498,=1
2010,452,1,0.0200675516,=1
2010,4A0,1,0.05334517874,=1
2010,481,1.2,0.01018758915,"=1,2"
2010,482,1.2,0.0006491222506,"=1,2"
2010,483,1.18753252,0.001454229878,"1-1,2"
2010,484,1,0.006520849099,=1
2010,485,1,0.002897720222,=1
2010,486,1.2,0.000179300098,"=1,2"
2010,487OS,1,0.001386365129,=1
2010,493,1,9.966026777e-06,=1
2010,511,1.2,0.006233838912,"=1,2"
2010,512,1.2,0.002649486698,"=1,2"
2010,513,1.2,0.02539581316,"=1,2"
2010,514,1.2,0.001812626178,"=1,2"
2010,521CI,1.2,0.01929047493,"=1,2"
2010,523,1.2,0.01667198258,"=1,2"
2010,524,1.2,0.02744702913,"=1,2"
2010,525,1.2,0.01157144308,"=1,2"
2010,HS,1.021070046,0.1577991474,"1-1,2"
2010,ORE,1.2,0.0005944162842,"=1,2"
2010,532RL,1.2,0.006382815095,"=1,2"
2010,5411,1.2,0.008635179619,"=1,2"
2010,5412OP,1.2,0.005051463781,"=1,2"
2010,561,1,0.004498108687,=1
2010,562,1.2,0.002012208947,"=1,2"
2010,61,1,0.0282109274,=1
2010,621,1,0.07536085255,=1
2010,622,1,0.07448301508,=1
2010,623,1,0.01858707724,=1
2010,624,1,0.01591712356,=1
2010,711AS,1.2,0.005652171825,"=1,2"
2010,713,1,0.01459030777,=1
2010,721,1,0.01060602768,=1
2010,722,1,0.05030696339,=1
2010,81,1,0.04594215548,=1
2010,GFE,1,0.0009439406225,=1
2010,GSLE,1,0.005378327509,=1
2011,111CA,1.2,0.005674930644,"=1,2"
2011,113FF,1,0.0007275175168,=1
2011,212,1.2,1.866539492e-05,"=1,2"
2011,22,1.2,0.02215537463,"=1,2"
2011,321,1,0.000538611409,=1
2011,327,1.2,0.001129089319,"=1,2"
2011,331,1.2,3.906429218e-05,"=1,2"
2011,332,1.2,0.001364716714,"=1,2"
2011,333,1.2,0.0005711994412,"=1,2"
2011,334,1.2,0.007310401076,"=1,2"
2011,335,1.2,0.003595793207,"=1,2"
2011,3361MV,1.2,0.01586765144,"=1,2"
2011,3364OT,1.2,0.001588011931,"=1,2"
2011,337,1.2,0.00346994151,"=1,2"
2011,339,1.2,0.007931281854,"=1,2"
2011,311FT,1.2,0.04836317367,"=1,2"
2011,313TT,1.2,0.001985074218,"=1,2"
2011,315AL,1.2,0.01234676839,"=1,2"
2011,322,1.2,0.002000739778,"=1,2"
2011,323,1,0.0005277781219,=1
2011,324,1.2,0.02690584634,"=1,2"
2011,325,1.2,0.02176177518,"=1,2"
2011,326,1.2,0.002904203404,"=1,2"
2011,42,1.2,0.04076655078,"=1,2"
2011,441,1,0.009804003218,=1
2011,445,1,0.01748643024,=1
2011,452,1,0.01960217938,=1
2011,4A0,1,0.05449760104,=1
2011,481,1.2,0.01078694048,"=1,2"
2011,482,1.2,0.000670322242,"=1,2"
2011,483,1.2,0.001484200441,"=1,2"
2011,484,1,0.006671764429,=1
2011,485,1,0.002966170566,=1
2011,486,1.2,0.0001821671065,"=1,2"
2011,487OS,1,0.001459122762,=1
2011,493,1,1.316099909e-05,=1
2011,511,1.2,0.006136386839,"=1,2"
2011,512,1.2,0.002490456214,"=1,2"
2011,513,1.2,0.02606856319,"=1,2"
2011,514,1.2,0.001985472263,"=1,2"
2011,521CI,1.2,0.01900848204,"=1,2"
2011,523,1.2,0.01743217012,"=1,2"
2011,524,1.2,0.0282286834,"=1,2"
2011,525,1.2,0.0118680015,"=1,2"
2011,HS,1.081270279,0.1571316977,"1-1,2"
2011,ORE,1.2,0.0005274039781,"=1,2"
2011,532RL,1.2,0.006145903557,"=1,2"
2011,5411,1.2,0.008567015295,"=1,2"
2011,5412OP,1.2,0.005043818803,"=1,2"
2011,561,1,0.004310950049,=1
2011,562,1,0.002054697607,=1
2011,61,1,0.02806435135,=1
2011,621,1,0.07623727197,=1
2011,622,1,0.07565675804,=1
2011,623,1,0.01866078997,=1
2011,624,1,0.01557728104,=1
2011,711AS,1.2,0.005355540637,"=1,2"
2011,713,1,0.01449273176,=1
2011,721,1,0.0109807884,=1
2011,722,1,0.05124925023,=1
2011,81,1,0.04547777947,=1
2011,GFE,1,0.0008196369228,=1
2011,GSLE,1.2,0.005259894536,"=1,2"
2012,111CA,1.2,0.005605676293,"=1,2"
2012,113FF,1,0.0005145773882,=1
2012,212,1.2,2.349668439e-05,"=1,2"
2012,22,1.2,0.02191056782,"=1,2"
2012,321,1.2,0.0004525822901,"=1,2"
2012,327,1.2,0.0009439341095,"=1,2"
2012,331,1.2,4.690299692e-05,"=1,2"
2012,332,1.2,0.001394889706,"=1,2"
2012,333,1.2,0.00057142129,"=1,2"
2012,334,1.2,0.007272133447,"=1,2"
2012,335,1.2,0.003541673313,"=1,2"
2012,3361MV,1.2,0.01683166912,"=1,2"
2012,3364OT,1.2,0.001460318935,"=1,2"
2012,337,1.2,0.003606289195,"=1,2"
2012,339,1.2,0.007557437419,"=1,2"
2012,311FT,1.2,0.04702337224,"=1,2"
2012,313TT,1.2,0.002023335642,"=1,2"
2012,315AL,1.2,0.01220734089,"=1,2"
2012,322,1.2,0.001852894308,"=1,2"
2012,323,1,0.0005624744756,=1
2012,324,1.2,0.026262696,"=1,2"
2012,325,1.2,0.02147334875,"=1,2"
2012,326,1.2,0.002921270473,"=1,2"
2012,42,1.2,0.04213687524,"=1,2"
2012,441,1,0.01139300003,=1
2012,445,1,0.01691535347,=1
2012,452,1,0.01750005942,=1
2012,4A0,1,0.05616963739,=1
2012,481,1.2,0.01075389021,"=1,2"
2012,482,1.2,0.0006978515264,"=1,2"
2012,483,1.2,0.001603829453,"=1,2"
2012,484,1,0.006677305845,=1
2012,485,1,0.003001882175,=1
2012,486,1.2,0.0001921305808,"=1,2"
2012,487OS,1,0.00163907448,=1
2012,493,1,1.563433231e-05,=1
2012,511,1.2,0.005708700217,"=1,2"
2012,512,1.2,0.002448716001,"=1,2"
2012,513,1.2,0.02655468749,"=1,2"
2012,514,1.2,0.002606866761,"=1,2"
2012,521CI,1.2,0.01847273178,"=1,2"
2012,523,1.2,0.01861371189,"=1,2"
2012,524,1.2,0.02681053024,"=1,2"
2012,525,1.2,0.01118062615,"=1,2"
2012,HS,1.098316362,0.1554985269,"1-1,2"
2012,ORE,1.2,0.0004791516179,"=1,2"
2012,532RL,1.2,0.0066411571,"=1,2"
2012,5411,1.2,0.008214892723,"=1,2"
2012,5412OP,1.2,0.005027296369,"=1,2"
2012,561,1,0.004343994713,=1
2012,562,1.012387847,0.002108375565,"1-1,2"
2012,61,1,0.02713080812,=1
2012,621,1,0.07669408157,=1
2012,622,1,0.07713816891,=1
2012,623,1,0.01869531768,=1
2012,624,1,0.01546271614,=1
2012,711AS,1.2,0.005584890764,"=1,2"
2012,713,1,0.0147241069,=1
2012,721,1,0.0111994235,=1
2012,722,1,0.05156672729,=1
2012,81,1,0.0463576931,=1
2012,GFE,1,0.0006863742998,=1
2012,GSLE,1.2,0.005292899275,"=1,2"
2013,111CA,1.2,0.005575091511,"=1,2"
2013,113FF,1,0.0005245190622,=1
2013,212,1.2,2.778253553e-05,"=1,2"
2013,22,1.2,0.02190339085,"=1,2"
2013,321,1.2,0.0004210347362,"=1,2"
2013,327,1.2,0.001007418829,"=1,2"
2013,331,1.2,4.593240079e-05,"=1,2"
2013,332,1.2,0.001470231096,"=1,2"
2013,333,1.2,0.000601129237,"=1,2"
2013,334,1.2,0.006993623093,"=1,2"
2013,335,1.2,0.003494185811,"=1,2"
2013,3361MV,1.2,0.0171240763,"=1,2"
2013,3364OT,1.2,0.001524910482,"=1,2"
2013,337,1.2,0.003511278862,"=1,2"
2013,339,1.2,0.007096284102,"=1,2"
2013,311FT,1.2,0.04654894315,"=1,2"
2013,313TT,1.2,0.001898063325,"=1,2"
2013,315AL,1.2,0.01135364542,"=1,2"
2013,322,1.2,0.001755237976,"=1,2"
2013,323,1.2,0.000501976458,"=1,2"
2013,324,1.2,0.02639195054,"=1,2"
2013,325,1.2,0.02120105028,"=1,2"
2013,326,1.2,0.002809696958,"=1,2"
2013,42,1.2,0.04188586635,"=1,2"
2013,441,1.2,0.01326228532,"=1,2"
2013,445,1,0.01681084667,=1
2013,452,1,0.01775089911,=1
2013,4A0,1,0.05814726513,=1
2013,481,1.2,0.01064027887,"=1,2"
2013,482,1.2,0.0006898305939,"=1,2"
2013,483,1.2,0.001663299668,"=1,2"
2013,484,1.2,0.006759354433,"=1,2"
2013,485,1,0.003112559657,=1
2013,486,1.2,0.000189118038,"=1,2"
2013,487OS,1,0.001579864676,=1
2013,493,1,1.850260607e-05,=1
2013,511,1.2,0.005968241769,"=1,2"
2013,512,1.2,0.00241354678,"=1,2"
2013,513,1.2,0.02724378951,"=1,2"
2013,514,1.2,0.002602323016,"=1,2"
2013,521CI,1.2,0.01745784982,"=1,2"
2013,523,1.2,0.01800793215,"=1,2"
2013,524,1.2,0.02707496689,"=1,2"
2013,525,1.2,0.01208512455,"=1,2"
2013,HS,1.113728315,0.1546850783,"1-1,2"
2013,ORE,1.2,0.0005031369279,"=1,2"
2013,532RL,1.2,0.006717723664,"=1,2"
2013,5411,1.2,0.007792141559,"=1,2"
2013,5412OP,1.2,0.005058505487,"=1,2"
2013,561,1,0.004368440532,=1
2013,562,1.2,0.002088359444,"=1,2"
2013,61,1,0.02698342095,=1
2013,621,1.051322705,0.07620487837,"1-1,2"
2013,622,1,0.07736780187,=1
2013,623,1,0.01869811883,=1
2013,624,1,0.01534955225,=1
2013,711AS,1.2,0.005721690285,"=1,2"
2013,713,1,0.01497628426,=1
2013,721,1,0.01140546421,=1
2013,722,1,0.05153968867,=1
2013,81,1,0.04536173036,=1
2013,GFE,1.2,0.0006501963476,"=1,2"
2013,GSLE,1.2,0.005382589025,"=1,2"
2014,111CA,1.2,0.005672022141,"=1,2"
2014,113FF,1.2,0.0004970497194,"=1,2"
2014,212,1.2,5.519437654e-05,"=1,2"
2014,22,1.2,0.02119542904,"=1,2"
2014,321,1.2,0.0003962525308,"=1,2"
2014,327,1.2,0.0009594248729,"=1,2"
2014,331,1.2,4.811414616e-05,"=1,2"
2014,332,1.2,0.001350488743,"=1,2"
2014,333,1.2,0.0005372864527,"=1,2"
2014,334,1.2,0.006833740525,"=1,2"
2014,335,1.2,0.00352258621,"=1,2"
2014,3361MV,1.2,0.01693305193,"=1,2"
2014,3364OT,1.2,0.001551949438,"=1,2"
2014,337,1.2,0.003487251849,"=1,2"
2014,339,1.2,0.007111650167,"=1,2"
2014,311FT,1.2,0.04537164501,"=1,2"
2014,313TT,1.2,0.001845992174,"=1,2"
2014,315AL,1.2,0.01158760581,"=1,2"
2014,322,1.2,0.001747626516,"=1,2"
2014,323,1.2,0.0004521045835,"=1,2"
2014,324,1.2,0.02546765488,"=1,2"
2014,325,1.2,0.02100462492,"=1,2"
2014,326,1.2,0.00279051932,"=1,2"
2014,42,1.2,0.043089127,"=1,2"
2014,441,1.2,0.01504920729,"=1,2"
2014,445,1,0.01676839409,=1
2014,452,1,0.01770461335,=1
2014,4A0,1,0.05918525451,=1
2014,481,1.2,0.01074548607,"=1,2"
2014,482,1.2,0.0006842142263,"=1,2"
2014,483,1.2,0.001703365885,"=1,2"
2014,484,1.2,0.006763859896,"=1,2"
2014,485,1.2,0.003282295073,"=1,2"
2014,486,1.2,0.0002025684675,"=1,2"
2014,487OS,1.2,0.001511831381,"=1,2"
2014,493,1,2.18360098e-05,=1
2014,511,1.2,0.006418381134,"=1,2"
2014,512,1.2,0.002312972764,"=1,2"
2014,513,1.2,0.02827492771,"=1,2"
2014,514,1.2,0.00270537678,"=1,2"
2014,521CI,1.2,0.01685619448,"=1,2"
2014,523,1.2,0.01680435393,"=1,2"
2014,524,1.2,0.02865410874,"=1,2"
2014,525,1.2,0.01207115988,"=1,2"
2014,HS,1.126386713,0.1507361248,"1-1,2"
2014,ORE,1.2,0.0004726880671,"=1,2"
2014,532RL,1.2,0.006902586644,"=1,2"
2014,5411,1.2,0.007531504436,"=1,2"
2014,5412OP,1.2,0.005261153213,"=1,2"
2014,561,1,0.00450827804,=1
2014,562,1.2,0.002047209426,"=1,2"
2014,61,1,0.02668275976,=1
2014,621,1.2,0.07701403741,"=1,2"
2014,622,1.2,0.07646652045,"=1,2"
2014,623,1,0.01865450574,=1
2014,624,1,0.01557729784,=1
2014,711AS,1.2,0.005913214957,"=1,2"
2014,713,1,0.01501810105,=1
2014,721,1,0.01171468109,=1
2014,722,1,0.05196467258,=1
2014,81,1,0.04635625348,=1
2014,GFE,1.2,0.000626831802,"=1,2"
2014,GSLE,1.2,0.005322785197,"=1,2"
2015,111CA,1.2,0.006233854909,"=1,2"
2015,113FF,1.2,0.0004501761798,"=1,2"
2015,212,1.2,3.219493018e-05,"=1,2"
2015,22,1.2,0.0210056097,"=1,2"
2015,321,1.2,0.0004014114398,"=1,2"
2015,327,1.2,0.0009209717202,"=1,2"
2015,331,1.2,5.104033887e-05,"=1,2"
2015,332,1.2,0.00136498797,"=1,2"
2015,333,1.2,0.0005686339588,"=1,2"
2015,334,1.2,0.006397444443,"=1,2"
2015,335,1.2,0.003484849795,"=1,2"
2015,3361MV,1.2,0.01626390264,"=1,2"
2015,3364OT,1.2,0.001617287859,"=1,2"
2015,337,1.2,0.003536680574,"=1,2"
2015,339,1.2,0.007086661478,"=1,2"
2015,311FT,1.2,0.04653952556,"=1,2"
2015,313TT,1.2,0.00181401648,"=1,2"
2015,315AL,1.2,0.01125464488,"=1,2"
2015,322,1.2,0.001723659497,"=1,2"
2015,323,1.2,0.0004083180181,"=1,2"
2015,324,1.2,0.02480562461,"=1,2"
2015,325,1.2,0.02252007666,"=1,2"
2015,326,1.2,0.002842863353,"=1,2"
2015,42,1.2,0.04233401502,"=1,2"
2015,441,1.2,0.01766810285,"=1,2"
2015,445,1,0.01635878323,=1
2015,452,1,0.01783668529,=1
2015,4A0,1.2,0.06048943111,"=1,2"
2015,481,1.2,0.01057233954,"=1,2"
2015,482,1.2,0.0006408701682,"=1,2"
2015,483,1.2,0.001665427167,"=1,2"
2015,484,1.2,0.006460350085,"=1,2"
2015,485,1.2,0.003301579785,"=1,2"
2015,486,1.2,0.0002315014109,"=1,2"
2015,487OS,1.2,0.001471988754,"=1,2"
2015,493,1.2,2.057793087e-05,"=1,2"
2015,511,1.2,0.006455150923,"=1,2"
2015,512,1.2,0.002254922578,"=1,2"
2015,513,1.2,0.02867069978,"=1,2"
2015,514,1.2,0.002907986566,"=1,2"
2015,521CI,1.2,0.01689104087,"=1,2"
2015,523,1.2,0.01578301456,"=1,2"
2015,524,1.2,0.02862780674,"=1,2"
2015,525,1.2,0.01287120183,"=1,2"
2015,HS,1.117507316,0.1457711363,"1-1,2"
2015,ORE,1.2,0.0004053795644,"=1,2"
2015,532RL,1.2,0.007275625311,"=1,2"
2015,5411,1.2,0.00728623971,"=1,2"
2015,5412OP,1.2,0.005330397998,"=1,2"
2015,561,1,0.004521877337,=1
2015,562,1.2,0.001917257921,"=1,2"
2015,61,1,0.02646087556,=1
2015,621,1.2,0.07878067311,"=1,2"
2015,622,1.2,0.07723018335,"=1,2"
2015,623,1,0.01842904382,=1
2015,624,1,0.01562097538,=1
2015,711AS,1.2,0.005864083164,"=1,2"
2015,713,1,0.0149648089,=1
2015,721,1.2,0.01187317074,"=1,2"
2015,722,1,0.0521921317,=1
2015,81,1,0.0453385923,=1
2015,GFE,1.2,0.0005984820606,"=1,2"
2015,GSLE,1.2,0.005301152628,"=1,2"
2016,111CA,1.2,0.007083391202,"=1,2"
2016,113FF,1.2,0.0004924160158,"=1,2"
2016,212,1.2,3.419086597e-05,"=1,2"
2016,22,1.2,0.02078308035,"=1,2"
2016,321,1.2,0.0004036947073,"=1,2"
2016,327,1.2,0.0008782278879,"=1,2"
2016,331,1.2,6.97270811e-05,"=1,2"
2016,332,1.2,0.001526357193,"=1,2"
2016,333,1.2,0.0005966497428,"=1,2"
2016,334,1.2,0.006299823356,"=1,2"
2016,335,1.2,0.003434108184,"=1,2"
2016,3361MV,1.2,0.01498869697,"=1,2"
2016,3364OT,1.2,0.00158734021,"=1,2"
2016,337,1.2,0.003463588158,"=1,2"
2016,339,1.2,0.00691362131,"=1,2"
2016,311FT,1.2,0.04759542816,"=1,2"
2016,313TT,1.2,0.00175498851,"=1,2"
2016,315AL,1.2,0.01124956717,"=1,2"
2016,322,1.2,0.001733292529,"=1,2"
2016,323,1.2,0.0003595384917,"=1,2"
2016,324,1.2,0.02443234048,"=1,2"
2016,325,1.2,0.02246399708,"=1,2"
2016,326,1.2,0.002844757619,"=1,2"
2016,42,1.2,0.04226836755,"=1,2"
2016,441,1.2,0.02081303485,"=1,2"
2016,445,1,0.01595914107,=1
2016,452,1,0.01745464954,=1
2016,4A0,1.2,0.0615287213,"=1,2"
2016,481,1.2,0.01039946725,"=1,2"
2016,482,1.2,0.0006245040202,"=1,2"
2016,483,1.2,0.001728804428,"=1,2"
2016,484,1.2,0.006267414825,"=1,2"
2016,485,1.2,0.003301576608,"=1,2"
2016,486,1.2,0.0002196007967,"=1,2"
2016,487OS,1.2,0.001422670493,"=1,2"
2016,493,1.2,1.87796029e-05,"=1,2"
2016,511,1.2,0.00706699726,"=1,2"
2016,512,1.2,0.002063850751,"=1,2"
2016,513,1.2,0.02938879547,"=1,2"
2016,514,1.2,0.003234643786,"=1,2"
2016,521CI,1.2,0.01660926221,"=1,2"
2016,523,1.2,0.01515412147,"=1,2"
2016,524,1.2,0.02784185483,"=1,2"
2016,525,1.2,0.0116062831,"=1,2"
2016,HS,1.104160502,0.1428259046,"1-1,2"
2016,ORE,1.2,0.0004420631442,"=1,2"
2016,532RL,1.2,0.00758402689,"=1,2"
2016,5411,1.2,0.007076521351,"=1,2"
2016,5412OP,1.2,0.005432417049,"=1,2"
2016,561,1,0.004609954391,=1
2016,562,1.2,0.00194524835,"=1,2"
2016,61,1,0.02631539921,=1
2016,621,1.2,0.08038012792,"=1,2"
2016,622,1.2,0.07738077051,"=1,2"
2016,623,1,0.01819418153,=1
2016,624,1,0.01593498183,=1
2016,711AS,1.2,0.005904717096,"=1,2"
2016,713,1,0.01510645847,=1
2016,721,1.2,0.01162377587,"=1,2"
2016,722,1,0.05179746589,=1
2016,81,1.150777813,0.04559755244,"1-1,2"
2016,GFE,1.2,0.0006026731639,"=1,2"
2016,GSLE,1.2,0.005284395861,"=1,2"
2017,111CA,1.2,0.007206298139,"=1,2"
2017,113FF,1.2,0.0004882675708,"=1,2"
2017,212,1.2,1.513588047e-05,"=1,2"
2017,22,1.2,0.0200286874,"=1,2"
2017,321,1.2,0.0002194099571,"=1,2"
2017,327,1.2,0.0008074959984,"=1,2"
2017,331,1.2,6.641974985e-05,"=1,2"
2017,332,1.2,0.001303321344,"=1,2"
2017,333,1.2,0.0006703440076,"=1,2"
2017,334,1.2,0.006312814623,"=1,2"
2017,335,1.2,0.003241238452,"=1,2"
2017,3361MV,1.2,0.01467022657,"=1,2"
2017,3364OT,1.2,0.001671650213,"=1,2"
2017,337,1.2,0.003524182166,"=1,2"
2017,339,1.2,0.006641646593,"=1,2"
2017,311FT,1.2,0.047060704,"=1,2"
2017,313TT,1.2,0.001659572076,"=1,2"
2017,315AL,1.2,0.01092081193,"=1,2"
2017,322,1.2,0.001706628686,"=1,2"
2017,323,1.2,0.0002202812785,"=1,2"
2017,324,1.2,0.02386628082,"=1,2"
2017,325,1.2,0.02047611039,"=1,2"
2017,326,1.2,0.002736141898,"=1,2"
2017,42,1.2,0.04265271541,"=1,2"
2017,441,1.2,0.02284790743,"=1,2"
2017,445,1,0.01639348416,=1
2017,452,1,0.01754474967,=1
2017,4A0,1.2,0.06299447704,"=1,2"
2017,481,1.2,0.01074730888,"=1,2"
2017,482,1.2,0.0006070121762,"=1,2"
2017,483,1.2,0.001765547077,"=1,2"
2017,484,1.2,0.006658700306,"=1,2"
2017,485,1.2,0.003500700571,"=1,2"
2017,486,1.2,0.0002092916342,"=1,2"
2017,487OS,1.2,0.001316559463,"=1,2"
2017,493,1,1.944873135e-05,=1
2017,511,1.2,0.007890226986,"=1,2"
2017,512,1.2,0.001867352697,"=1,2"
2017,513,1.2,0.02943131745,"=1,2"
2017,514,1.2,0.003797012562,"=1,2"
2017,521CI,1.2,0.0169444358,"=1,2"
2017,523,1.2,0.0143933831,"=1,2"
2017,524,1.2,0.03025248564,"=1,2"
2017,525,1.2,0.01150643284,"=1,2"
2017,HS,1.077537764,0.1399930364,"1-1,2"
2017,ORE,1.2,0.0004250368038,"=1,2"
2017,532RL,1.2,0.007616037896,"=1,2"
2017,5411,1.2,0.00714717897,"=1,2"
2017,5412OP,1.2,0.005456121153,"=1,2"
2017,561,1,0.004758871511,=1
2017,562,1.2,0.002060592772,"=1,2"
2017,61,1,0.0259703069,=1
2017,621,1.2,0.0812402907,"=1,2"
2017,622,1.2,0.07702025581,"=1,2"
2017,623,1,0.01766257529,=1
2017,624,1,0.01622024764,=1
2017,711AS,1.2,0.006195133137,"=1,2"
2017,713,1,0.01544637644,=1
2017,721,1.2,0.01174529084,"=1,2"
2017,722,1,0.05182628703,=1
2017,81,1.140298026,0.04461780274,"1-1,2"
2017,GFE,1.2,0.0005294623729,"=1,2"
2017,GSLE,1.2,0.005214876284,"=1,2"
2018,111CA,1.2,0.007100779651,"=1,2"
2018,113FF,1.2,0.0004417714304,"=1,2"
2018,212,1.2,1.42848769e-05,"=1,2"
2018,22,1.2,0.02041194358,"=1,2"
2018,321,1.2,0.0002262537323,"=1,2"
2018,327,1.2,0.0007350487997,"=1,2"
2018,331,1.2,5.050950824e-05,"=1,2"
2018,332,1.2,0.00123970267,"=1,2"
2018,333,1.2,0.0006650056223,"=1,2"
2018,334,1.2,0.006498870967,"=1,2"
2018,335,1.2,0.003036713186,"=1,2"
2018,3361MV,1.2,0.01445123582,"=1,2"
2018,3364OT,1.2,0.001659007236,"=1,2"
2018,337,1.2,0.003514296089,"=1,2"
2018,339,1.2,0.006664060634,"=1,2"
2018,311FT,1.2,0.0472069625,"=1,2"
2018,313TT,1.2,0.00162884885,"=1,2"
2018,315AL,1.2,0.01073486788,"=1,2"
2018,322,1.2,0.001496644918,"=1,2"
2018,323,1.2,0.0002032988741,"=1,2"
2018,324,1.2,0.02294025077,"=1,2"
2018,325,1.2,0.02100043154,"=1,2"
2018,326,1.2,0.002699648816,"=1,2"
2018,42,1.2,0.04143457661,"=1,2"
2018,441,1.2,0.02315962233,"=1,2"
2018,445,1,0.01578142163,=1
2018,452,1,0.01788627751,=1
2018,4A0,1.2,0.06462366863,"=1,2"
2018,481,1.2,0.01117859977,"=1,2"
2018,482,1.2,0.0005960060776,"=1,2"
2018,483,1.2,0.001806939708,"=1,2"
2018,484,1.2,0.006659440356,"=1,2"
2018,485,1.2,0.003831844832,"=1,2"
2018,486,1.2,0.0002055677512,"=1,2"
2018,487OS,1.2,0.001307916194,"=1,2"
2018,493,1,1.953455044e-05,=1
2018,511,1.2,0.008327288651,"=1,2"
2018,512,1.2,0.001876232169,"=1,2"
2018,513,1.2,0.02906784003,"=1,2"
2018,514,1.2,0.004795659928,"=1,2"
2018,521CI,1.2,0.01638419869,"=1,2"
2018,523,1.2,0.01384351624,"=1,2"
2018,524,1.2,0.03142907696,"=1,2"
2018,525,1.2,0.01042047685,"=1,2"
2018,HS,1.04518494,0.1381525015,"1-1,2"
2018,ORE,1.2,0.0004243228552,"=1,2"
2018,532RL,1.2,0.007446241538,"=1,2"
2018,5411,1.2,0.006887226111,"=1,2"
2018,5412OP,1.2,0.005484486879,"=1,2"
2018,561,1,0.005132608345,=1
2018,562,1.2,0.001988742683,"=1,2"
2018,61,1,0.02567492026,=1
2018,621,1.2,0.08219147804,"=1,2"
2018,622,1.2,0.07747943336,"=1,2"
2018,623,1,0.01722498084,=1
2018,624,1,0.01643527158,=1
2018,711AS,1.2,0.006303715705,"=1,2"
2018,713,1,0.01537773521,=1
2018,721,1.2,0.01159058841,"=1,2"
2018,722,1,0.05203643343,=1
2018,81,1.2,0.04521672753,"=1,2"
2018,GFE,1.2,0.0005010027285,"=1,2"
2018,GSLE,1.2,0.005195439585,"=1,2"
2019,111CA,1.2,0.007224647834,"=1,2"
2019,113FF,1.2,0.0004579865262,"=1,2"
2019,212,1.2,1.305284564e-05,"=1,2"
2019,22,1.2,0.01967570404,"=1,2"
2019,321,1.2,0.0002292541144,"=1,2"
2019,327,1.2,0.0007273972125,"=1,2"
2019,331,1.2,4.904754047e-05,"=1,2"
2019,332,1.2,0.001243519479,"=1,2"
2019,333,1.2,0.0006723953314,"=1,2"
2019,334,1.2,0.006714557437,"=1,2"
2019,335,1.2,0.003086852212,"=1,2"
2019,3361MV,1.2,0.01450593029,"=1,2"
2019,3364OT,1.2,0.001588573004,"=1,2"
2019,337,1.2,0.003477720094,"=1,2"
2019,339,1.2,0.00679159476,"=1,2"
2019,311FT,1.2,0.0470541228,"=1,2"
2019,313TT,1.2,0.00166866823,"=1,2"
2019,315AL,1.2,0.01087796338,"=1,2"
2019,322,1.2,0.001604540747,"=1,2"
2019,323,1.2,0.0002040743282,"=1,2"
2019,324,1.2,0.02298669283,"=1,2"
2019,325,1.2,0.02205584324,"=1,2"
2019,326,1.2,0.002728276772,"=1,2"
2019,42,1.2,0.04096075153,"=1,2"
2019,441,1.2,0.02253950474,"=1,2"
2019,445,1,0.01584622085,=1
2019,452,1.06385909,0.01718376916,"1-1,2"
2019,4A0,1.2,0.06459215807,"=1,2"
2019,481,1.2,0.0117504287,"=1,2"
2019,482,1.2,0.0005869615216,"=1,2"
2019,483,1.2,0.001827285083,"=1,2"
2019,484,1.2,0.006608016561,"=1,2"
2019,485,1.2,0.004148876761,"=1,2"
2019,486,1.2,0.000215121059,"=1,2"
2019,487OS,1.2,0.001273818304,"=1,2"
2019,493,1.2,1.935841477e-05,"=1,2"
2019,511,1.2,0.008654295268,"=1,2"
2019,512,1.2,0.001813292077,"=1,2"
2019,513,1.2,0.02881089568,"=1,2"
2019,514,1.2,0.005549016067,"=1,2"
2019,521CI,1.2,0.01638221681,"=1,2"
2019,523,1.2,0.01366339887,"=1,2"
2019,524,1.2,0.02986890132,"=1,2"
2019,525,1.2,0.009993567626,"=1,2"
2019,HS,1.006421991,0.1377084018,"1-1,2"
2019,ORE,1.2,0.0004290934816,"=1,2"
2019,532RL,1.2,0.007521445991,"=1,2"
2019,5411,1.2,0.006754344968,"=1,2"
2019,5412OP,1.2,0.005712477716,"=1,2"
2019,561,1.2,0.005284017262,"=1,2"
2019,562,1.2,0.00196130988,"=1,2"
2019,61,1.2,0.02541515302,"=1,2"
2019,621,1.2,0.08381775139,"=1,2"
2019,622,1.2,0.07840150235,"=1,2"
2019,623,1,0.01707578645,=1
2019,624,1,0.01655839926,=1
2019,711AS,1.2,0.006342009556,"=1,2"
2019,713,1.2,0.01523053878,"=1,2"
2019,721,1.2,0.01139643245,"=1,2"
2019,722,1,0.05241602897,=1
2019,81,1.2,0.04449116686,"=1,2"
2019,GFE,1.2,0.0004667308866,"=1,2"
2019,GSLE,1.2,0.00509113944,"=1,2"
